id,user_id,raw_text,normalized_text,merchant_name,primary_confidence,prediction_status
6b0b44a6-1cf2-4b4b-9bfe-388c14c2aeca,81f7dd70-8a34-4d89-b097-01c124cdd41b,₹105.7 debited to MedPlus on 11-Feb-2026 02:54 via UPI Ref 3816789941,,MedPlus,0.194,AUTO
9f3d015d-1685-418f-91cd-5af17421656b,81f7dd70-8a34-4d89-b097-01c124cdd41b,₹1065.75 debited to Amazon on 22-Aug-2025 12:32 via UPI Ref 9350249890,,Amazon,0.3899,AUTO
9e2db30b-dbf2-4200-9b91-7f961e7c4ee5,81f7dd70-8a34-4d89-b097-01c124cdd41b,₹1198.8 debited to Water Supply on 20-Sep-2025 14:04 via UPI Ref 6744144891,,Water Supply,0.356,AUTO
7753053d-ba7f-410f-b902-c92bd43d1308,81f7dd70-8a34-4d89-b097-01c124cdd41b,₹63.52 debited to Ola on 10-Feb-2026 15:17 via UPI Ref 3396211416,,Ola,0.2529,AUTO
3936bd36-2984-4aa7-b26f-a92ad6a82863,81f7dd70-8a34-4d89-b097-01c124cdd41b,₹1289.48 debited to Uber on 25-Sep-2025 14:48 via UPI Ref 5252500202,,Uber,0.3207,AUTO
ad659b73-d568-4bf6-ad8e-bb441f3047d7,81f7dd70-8a34-4d89-b097-01c124cdd41b,₹97.4 debited to Myntra on 14-Oct-2025 17:09 via UPI Ref 3541505545,,Myntra,0.2192,AUTO
26ebb8ed-6b92-4794-b90d-5bf2b5a7af8f,81f7dd70-8a34-4d89-b097-01c124cdd41b,₹45671.86 credited to Company Payroll on 01-Oct-2025 03:00 via UPI Ref 4162350793,,Company Payroll,0.1532,AUTO
f4cf8b8e-fcda-46d1-a0ce-43dfdd175519,81f7dd70-8a34-4d89-b097-01c124cdd41b,₹696.79 debited to Zomato on 20-Sep-2025 12:59 via UPI Ref 2169921591,,Zomato,0.3442,AUTO
79068485-666b-4621-910d-49a4cce6cd21,81f7dd70-8a34-4d89-b097-01c124cdd41b,₹1408.33 debited to BigBasket on 22-Aug-2025 05:14 via UPI Ref 9648684520,,BigBasket,0.1854,AUTO
09f9d664-09d6-423b-90d9-eec1c667ca8c,81f7dd70-8a34-4d89-b097-01c124cdd41b,₹539.24 debited to Myntra on 09-Sep-2025 18:50 via UPI Ref 2275412394,,Myntra,0.2059,AUTO
d631fbc8-0dfa-4304-9b83-5f5f88d73c48,81f7dd70-8a34-4d89-b097-01c124cdd41b,₹1667.68 debited to Spotify on 06-Jan-2026 17:51 via UPI Ref 7856384944,,Spotify,0.3436,AUTO
994bc833-9ce3-455b-8e07-a25bebb9a8df,81f7dd70-8a34-4d89-b097-01c124cdd41b,₹1399.19 debited to Ola on 10-Feb-2026 04:24 via UPI Ref 2019601017,,Ola,0.2715,AUTO
2e527ffc-ad0a-46cb-9636-5343d16f92f9,81f7dd70-8a34-4d89-b097-01c124cdd41b,₹15000.0 debited to House Owner on 31-Aug-2025 07:55 via UPI Ref 4409842239,,House Owner,0.1759,AUTO
54e999c2-6cb5-4165-8f38-a015cf9ce6ec,81f7dd70-8a34-4d89-b097-01c124cdd41b,₹848.34 debited to Flipkart on 07-Feb-2026 02:27 via UPI Ref 2294112460,,Flipkart,0.2953,AUTO
03f51035-86ec-444e-af39-881717439602,81f7dd70-8a34-4d89-b097-01c124cdd41b,₹381.95 debited to Water Supply on 20-Nov-2025 16:06 via UPI Ref 7230329436,,Water Supply,0.2915,AUTO
56b012d1-0edd-4c78-9b9b-5800ae6666f8,81f7dd70-8a34-4d89-b097-01c124cdd41b,₹15000.0 debited to House Owner on 08-Jan-2026 14:13 via UPI Ref 8944018694,,House Owner,0.1542,AUTO
5a3af589-5df3-4c8a-acac-7d6296ac33ec,81f7dd70-8a34-4d89-b097-01c124cdd41b,₹1199.79 debited to McDonalds on 11-Dec-2025 23:35 via UPI Ref 9363860617,,McDonalds,0.186,AUTO
0b1bf757-db6d-4a91-a63d-580e06a47963,81f7dd70-8a34-4d89-b097-01c124cdd41b,₹789.64 debited to MedPlus on 27-Sep-2025 17:27 via UPI Ref 8628582574,,MedPlus,0.1836,AUTO
25cb7745-5d9f-4e3b-982a-d57adee59144,81f7dd70-8a34-4d89-b097-01c124cdd41b,₹1631.67 debited to Rapido on 06-Feb-2026 03:07 via UPI Ref 3027316805,,Rapido,0.3239,AUTO
17acc476-f6ae-4907-98f9-8375948c90a1,81f7dd70-8a34-4d89-b097-01c124cdd41b,₹1710.95 debited to Uber on 21-Oct-2025 20:43 via UPI Ref 9322382277,,Uber,0.3943,AUTO
aa02ad72-72a7-4c76-9539-2f65f8b2df3a,81f7dd70-8a34-4d89-b097-01c124cdd41b,₹3231.63 debited to PokerStars on 26-Dec-2025 11:43 via UPI Ref 3193447177,,PokerStars,0.1453,AUTO
b26a34a3-566d-4e54-af59-72e636af97bb,81f7dd70-8a34-4d89-b097-01c124cdd41b,₹446.09 debited to Dominos on 15-Dec-2025 05:19 via UPI Ref 9110937175,,Dominos,0.2702,AUTO
df5bfd61-da3d-43bc-98f4-2a76e9f139a9,81f7dd70-8a34-4d89-b097-01c124cdd41b,₹265.43 debited to Netflix on 02-Jan-2026 15:52 via UPI Ref 7193379555,,Netflix,0.386,AUTO
f7a99963-b262-458e-8a17-4c57f9dd0fee,81f7dd70-8a34-4d89-b097-01c124cdd41b,₹1924.61 debited to BigBasket on 22-Nov-2025 15:54 via UPI Ref 5951928662,,BigBasket,0.1985,AUTO
edba06bc-9dbb-4f59-bd76-76cb5b825513,81f7dd70-8a34-4d89-b097-01c124cdd41b,₹1040.11 debited to BigBasket on 08-Sep-2025 14:37 via UPI Ref 7619393868,,BigBasket,0.1789,AUTO
7cd8bfb9-6b50-40e8-a8a6-d683d376da19,81f7dd70-8a34-4d89-b097-01c124cdd41b,₹66163.13 credited to Company Payroll on 07-Sep-2025 08:01 via UPI Ref 4539659726,,Company Payroll,0.2189,AUTO
7d336f76-54b0-46f7-8c2b-83515b0951a3,81f7dd70-8a34-4d89-b097-01c124cdd41b,₹73393.34 credited to Company Payroll on 10-Sep-2025 19:04 via UPI Ref 9623807757,,Company Payroll,0.1846,AUTO
7d6f5928-b57b-4348-882b-703cb37a39ca,81f7dd70-8a34-4d89-b097-01c124cdd41b,₹1523.76 debited to Rapido on 07-Dec-2025 09:34 via UPI Ref 4080573222,,Rapido,0.2641,AUTO
0c62c527-8b4e-4b08-a7cb-2032fe99c2b4,81f7dd70-8a34-4d89-b097-01c124cdd41b,₹98.95 debited to McDonalds on 28-Oct-2025 15:48 via UPI Ref 9408234731,,McDonalds,0.1656,AUTO
30df423f-7303-480f-b156-3f7f960cd165,81f7dd70-8a34-4d89-b097-01c124cdd41b,₹15000.0 debited to House Owner on 24-Nov-2025 02:50 via UPI Ref 1016282883,,House Owner,0.1747,AUTO
446e4ada-9220-4e02-b419-8e25b46c3ac3,81f7dd70-8a34-4d89-b097-01c124cdd41b,₹371.45 debited to Ola on 17-Nov-2025 18:31 via UPI Ref 9085432539,,Ola,0.2834,AUTO
27199a9e-eb12-4f86-9e95-1ab4f8b7d1cb,81f7dd70-8a34-4d89-b097-01c124cdd41b,₹39034.56 credited to Company Payroll on 04-Jan-2026 03:08 via UPI Ref 7096653371,,Company Payroll,0.175,AUTO
46cbd57d-c16f-45bc-be42-60c1b6248549,81f7dd70-8a34-4d89-b097-01c124cdd41b,₹957.63 debited to Airtel on 08-Oct-2025 09:18 via UPI Ref 9877718561,,Airtel,0.4022,AUTO
cc04354e-ba54-4d04-b3bd-8afeab575384,81f7dd70-8a34-4d89-b097-01c124cdd41b,₹1348.46 debited to Hospital XYZ on 20-Aug-2025 08:44 via UPI Ref 3191075234,,Hospital XYZ,0.4272,AUTO
2edda2b9-7619-48e9-b98a-79075d194705,81f7dd70-8a34-4d89-b097-01c124cdd41b,₹175.1 debited to McDonalds on 03-Nov-2025 06:39 via UPI Ref 3213854680,,McDonalds,0.1599,AUTO
1be67860-720a-4a91-a645-64d5b4730f45,81f7dd70-8a34-4d89-b097-01c124cdd41b,₹931.64 debited to DMart on 10-Jan-2026 01:20 via UPI Ref 7982106965,,DMart,0.1791,AUTO
34f8a400-5429-4ffd-b353-0d896f5cd185,81f7dd70-8a34-4d89-b097-01c124cdd41b,₹1454.52 debited to Netflix on 26-Oct-2025 08:01 via UPI Ref 5646284863,,Netflix,0.3625,AUTO
bef3bf47-5666-4fef-9dc5-71cd77fef774,81f7dd70-8a34-4d89-b097-01c124cdd41b,₹1682.12 debited to PokerStars on 03-Dec-2025 01:47 via UPI Ref 4401639201,,PokerStars,0.1983,AUTO
afc6a276-3c4e-4f93-b417-76934e64a5ba,81f7dd70-8a34-4d89-b097-01c124cdd41b,₹1636.33 debited to Amazon on 24-Dec-2025 11:28 via UPI Ref 2371123590,,Amazon,0.3557,AUTO
edf3a301-c80d-43a1-aaf7-ef8b0f420699,81f7dd70-8a34-4d89-b097-01c124cdd41b,₹1686.24 debited to Myntra on 26-Oct-2025 08:45 via UPI Ref 7434504759,,Myntra,0.2173,AUTO
9fc634a6-280c-4f6c-96d2-c700dad3e549,81f7dd70-8a34-4d89-b097-01c124cdd41b,₹852.75 debited to Uber on 31-Oct-2025 10:30 via UPI Ref 2426856858,,Uber,0.383,AUTO
15b1f628-2e7a-495e-a4d6-db92b23af942,81f7dd70-8a34-4d89-b097-01c124cdd41b,₹1702.07 debited to DMart on 12-Sep-2025 17:47 via UPI Ref 4974106936,,DMart,0.1891,AUTO
c491d8ff-9735-496d-bf6a-67e22f2ca259,81f7dd70-8a34-4d89-b097-01c124cdd41b,₹1784.34 debited to Dominos on 11-Feb-2026 11:30 via UPI Ref 1463054014,,Dominos,0.1991,AUTO
2b75e5e7-3914-4627-905c-a12b427c61b8,81f7dd70-8a34-4d89-b097-01c124cdd41b,₹519.3 debited to McDonalds on 17-Dec-2025 06:58 via UPI Ref 2913517584,,McDonalds,0.2027,AUTO
91654dee-bda5-492b-a971-4620afc67211,81f7dd70-8a34-4d89-b097-01c124cdd41b,₹35872.2 credited to Company Payroll on 07-Dec-2025 16:27 via UPI Ref 2705354099,,Company Payroll,0.1874,AUTO
1992f94f-3413-4a27-bbc7-947a250d79b6,81f7dd70-8a34-4d89-b097-01c124cdd41b,₹141.52 debited to Flipkart on 27-Dec-2025 15:31 via UPI Ref 4536057344,,Flipkart,0.3777,AUTO
c436194b-e85f-48b0-8679-0e05acbb0f15,81f7dd70-8a34-4d89-b097-01c124cdd41b,₹366.63 debited to BigBasket on 22-Oct-2025 11:57 via UPI Ref 7033346453,,BigBasket,0.17,AUTO
7168256e-0da1-4a3f-83e9-b44e01c9d3cb,81f7dd70-8a34-4d89-b097-01c124cdd41b,₹15000.0 debited to House Owner on 10-Feb-2026 04:22 via UPI Ref 1853315814,,House Owner,0.1673,AUTO
a73eb363-1f99-48ff-a53f-92ad18686ce1,81f7dd70-8a34-4d89-b097-01c124cdd41b,₹760.91 debited to Spotify on 26-Jan-2026 14:20 via UPI Ref 2213246795,,Spotify,0.3649,AUTO
5dd1e8ab-c76d-4838-903e-839172717330,81f7dd70-8a34-4d89-b097-01c124cdd41b,₹849.28 debited to Spotify on 05-Dec-2025 22:35 via UPI Ref 8973100762,,Spotify,0.3597,AUTO
0f2001a0-4725-494f-bf87-7cebba74d3d8,81f7dd70-8a34-4d89-b097-01c124cdd41b,₹285.78 debited to Swiggy on 12-Dec-2025 03:59 via UPI Ref 4832731917,,Swiggy,0.2678,AUTO
f2e5decb-55d9-47d0-b5cd-6786121dd2b1,81f7dd70-8a34-4d89-b097-01c124cdd41b,₹1337.04 debited to Ola on 30-Dec-2025 14:56 via UPI Ref 8371955156,,Ola,0.2909,AUTO
ec9e69a4-8b50-44c5-8aef-ba523352faf0,81f7dd70-8a34-4d89-b097-01c124cdd41b,₹1143.68 debited to Airtel on 22-Aug-2025 09:27 via UPI Ref 9774887970,,Airtel,0.493,AUTO
79127e88-0c29-4de5-ae15-0fb4803cdd47,81f7dd70-8a34-4d89-b097-01c124cdd41b,₹688.51 debited to Water Supply on 23-Sep-2025 08:13 via UPI Ref 4780804989,,Water Supply,0.2475,AUTO
abad6d6b-7845-438d-ad91-0553a7e047ef,81f7dd70-8a34-4d89-b097-01c124cdd41b,₹1301.91 debited to McDonalds on 12-Jan-2026 19:36 via UPI Ref 6315319552,,McDonalds,0.2019,AUTO
aa30cfd4-d1e9-4182-a30c-0052ae4dc851,81f7dd70-8a34-4d89-b097-01c124cdd41b,₹630.58 debited to Uber on 03-Feb-2026 00:11 via UPI Ref 9594484781,,Uber,0.362,AUTO
f1702ec5-5b61-4ba0-90b6-f60a97a56975,81f7dd70-8a34-4d89-b097-01c124cdd41b,₹824.58 debited to Electricity Board on 15-Sep-2025 23:40 via UPI Ref 1636789362,,Electricity Board,0.2318,AUTO
bb83fd55-612c-47b9-9209-e66cd230a7d5,81f7dd70-8a34-4d89-b097-01c124cdd41b,₹1904.48 debited to Myntra on 26-Jan-2026 17:43 via UPI Ref 2770522307,,Myntra,0.2196,AUTO
6ade6da6-bf19-487c-9f4c-43e53e05f9b0,81f7dd70-8a34-4d89-b097-01c124cdd41b,₹413.04 debited to DMart on 19-Sep-2025 18:16 via UPI Ref 3257735269,,DMart,0.1757,AUTO
8953048e-12be-47f1-b830-0583eea135ee,81f7dd70-8a34-4d89-b097-01c124cdd41b,₹15000.0 debited to House Owner on 03-Sep-2025 09:05 via UPI Ref 2231353850,,House Owner,0.1904,AUTO
bf112878-c5a3-461f-be9c-87483dfcefc6,81f7dd70-8a34-4d89-b097-01c124cdd41b,₹1615.31 debited to Swiggy on 31-Aug-2025 16:35 via UPI Ref 5652651380,,Swiggy,0.254,AUTO
c5c8d9f8-b505-4c7d-9458-356a43141454,81f7dd70-8a34-4d89-b097-01c124cdd41b,₹1987.01 debited to Zomato on 04-Feb-2026 02:02 via UPI Ref 5383811047,,Zomato,0.3794,AUTO
4d3660b8-87ad-4856-aa79-7a3e2e62fdc7,81f7dd70-8a34-4d89-b097-01c124cdd41b,₹786.64 debited to BigBasket on 01-Jan-2026 07:33 via UPI Ref 5981373917,,BigBasket,0.1891,AUTO
436c57c3-4bbc-4c50-9796-2b46730aef73,81f7dd70-8a34-4d89-b097-01c124cdd41b,₹174.59 debited to Netflix on 21-Jan-2026 22:11 via UPI Ref 4986854308,,Netflix,0.3546,AUTO
0398c8e5-a84d-41e2-9d35-5a93b6579a11,81f7dd70-8a34-4d89-b097-01c124cdd41b,₹517.5 debited to Swiggy on 03-Sep-2025 02:46 via UPI Ref 2763268963,,Swiggy,0.4223,AUTO
1c57cf6d-4260-49d2-aa75-7361be18c9f3,81f7dd70-8a34-4d89-b097-01c124cdd41b,₹306.0 debited to BigBasket on 29-Dec-2025 06:59 via UPI Ref 4668388326,,BigBasket,0.1519,AUTO
c20ffe14-4047-4996-a190-a40ad0e70042,81f7dd70-8a34-4d89-b097-01c124cdd41b,₹537.47 debited to Airtel on 17-Aug-2025 01:49 via UPI Ref 4259243777,,Airtel,0.3777,AUTO
85e198ac-47f4-4ebe-ba1c-f5dac3c97c41,81f7dd70-8a34-4d89-b097-01c124cdd41b,₹36378.72 credited to Company Payroll on 20-Nov-2025 22:40 via UPI Ref 6290254595,,Company Payroll,0.1878,AUTO
10dc84a8-0b5b-4aab-9c0d-abde59416fce,81f7dd70-8a34-4d89-b097-01c124cdd41b,₹502.74 debited to Zomato on 23-Aug-2025 15:52 via UPI Ref 2799005497,,Zomato,0.3313,AUTO
0baad2e0-9dee-4bb3-acee-a75ffafd5f0a,81f7dd70-8a34-4d89-b097-01c124cdd41b,₹15000.0 debited to House Owner on 01-Jan-2026 17:58 via UPI Ref 6948441356,,House Owner,0.1655,AUTO
2b3890bc-e1cb-4686-95a0-736743c38535,81f7dd70-8a34-4d89-b097-01c124cdd41b,₹15000.0 debited to House Owner on 09-Oct-2025 14:14 via UPI Ref 5518198830,,House Owner,0.1565,AUTO
157b2031-6362-444c-b86a-488a9917266f,81f7dd70-8a34-4d89-b097-01c124cdd41b,₹1759.88 debited to Myntra on 03-Jan-2026 00:30 via UPI Ref 1705146968,,Myntra,0.316,AUTO
04b7b19b-98f4-46fb-ba38-5348202afdf2,81f7dd70-8a34-4d89-b097-01c124cdd41b,₹1110.17 debited to Airtel on 23-Dec-2025 03:41 via UPI Ref 9806394166,,Airtel,0.2734,AUTO
32a3a184-c62a-4134-8b5d-19cdabed271b,81f7dd70-8a34-4d89-b097-01c124cdd41b,₹243.27 debited to Zomato on 20-Dec-2025 02:23 via UPI Ref 6461780424,,Zomato,0.4111,AUTO
c8e9630b-f879-4afd-9b57-d158b25d5c8f,81f7dd70-8a34-4d89-b097-01c124cdd41b,₹64088.9 credited to Company Payroll on 16-Dec-2025 05:14 via UPI Ref 9797678079,,Company Payroll,0.2408,AUTO
4f6f301d-5d8f-4bbe-a63f-ae73c7c21723,81f7dd70-8a34-4d89-b097-01c124cdd41b,₹964.41 debited to Water Supply on 01-Oct-2025 16:18 via UPI Ref 1504025721,,Water Supply,0.2934,AUTO
9cd54a43-9a4d-4855-9644-76595b3e084d,81f7dd70-8a34-4d89-b097-01c124cdd41b,₹1583.16 debited to Dominos on 11-Nov-2025 11:38 via UPI Ref 3694333897,,Dominos,0.2158,AUTO
9057a5bd-d372-4e7f-a412-81f320eca9ef,81f7dd70-8a34-4d89-b097-01c124cdd41b,₹1320.12 debited to Water Supply on 19-Aug-2025 15:36 via UPI Ref 4801519748,,Water Supply,0.2053,AUTO
ca57506b-8dc7-4538-9196-2d87b034d705,81f7dd70-8a34-4d89-b097-01c124cdd41b,₹1630.64 debited to Electricity Board on 23-Dec-2025 19:21 via UPI Ref 5467416288,,Electricity Board,0.3318,AUTO
cab7da6e-80d4-4b06-ad03-4be565a493c2,81f7dd70-8a34-4d89-b097-01c124cdd41b,₹129.96 debited to Zomato on 19-Aug-2025 18:08 via UPI Ref 8079041518,,Zomato,0.3293,AUTO
64a665ee-85fc-4516-8679-c5ed37a9b507,81f7dd70-8a34-4d89-b097-01c124cdd41b,₹70371.47 credited to Company Payroll on 22-Oct-2025 10:21 via UPI Ref 6676556832,,Company Payroll,0.1595,AUTO
5cff2767-4b44-4547-9642-69cfbc15aeab,81f7dd70-8a34-4d89-b097-01c124cdd41b,₹1532.75 debited to BigBasket on 12-Sep-2025 21:50 via UPI Ref 4896569461,,BigBasket,0.1897,AUTO
a67ae4f6-67e2-4381-b4a0-b419872e0a57,81f7dd70-8a34-4d89-b097-01c124cdd41b,₹1499.65 debited to Uber on 26-Nov-2025 18:30 via UPI Ref 3828958235,,Uber,0.3673,AUTO
e299c77c-0dc0-4cab-8c59-5de3574c10f5,81f7dd70-8a34-4d89-b097-01c124cdd41b,₹1692.04 debited to MedPlus on 21-Nov-2025 17:18 via UPI Ref 1961684256,,MedPlus,0.1833,AUTO
08d96124-e6e4-4a73-adf6-8c3260022d3d,81f7dd70-8a34-4d89-b097-01c124cdd41b,₹1595.02 debited to Water Supply on 22-Sep-2025 10:02 via UPI Ref 5663465276,,Water Supply,0.2467,AUTO
bebed2e2-bcf9-4ad2-adae-60a82b17d9b8,81f7dd70-8a34-4d89-b097-01c124cdd41b,₹1211.62 debited to Amazon on 29-Jan-2026 22:49 via UPI Ref 6214288841,,Amazon,0.268,AUTO
7c20d795-c01e-4946-983f-4f76eb89c60b,81f7dd70-8a34-4d89-b097-01c124cdd41b,₹748.53 debited to Zomato on 12-Nov-2025 18:15 via UPI Ref 4866509719,,Zomato,0.301,AUTO
99eb5398-369f-40db-9418-3a4e83b87eb0,81f7dd70-8a34-4d89-b097-01c124cdd41b,₹434.69 debited to Myntra on 26-Nov-2025 15:46 via UPI Ref 7145200753,,Myntra,0.2925,AUTO
03b1c0c9-8dc7-4868-ae3c-2852aa863ba8,81f7dd70-8a34-4d89-b097-01c124cdd41b,₹1040.71 debited to Amazon on 07-Nov-2025 17:04 via UPI Ref 1242895315,,Amazon,0.2391,AUTO
b6b87bcf-ba2d-48b8-addc-d845907f5cae,81f7dd70-8a34-4d89-b097-01c124cdd41b,₹165.35 debited to Myntra on 16-Nov-2025 11:30 via UPI Ref 6380857379,,Myntra,0.2969,AUTO
e2c73fbd-0e61-48c5-bbce-81449572b988,81f7dd70-8a34-4d89-b097-01c124cdd41b,₹1660.04 debited to DMart on 19-Jan-2026 18:53 via UPI Ref 7167156941,,DMart,0.1648,AUTO
17064112-a322-4502-808d-30df7393ec02,81f7dd70-8a34-4d89-b097-01c124cdd41b,₹500.86 debited to BookMyShow on 01-Sep-2025 21:28 via UPI Ref 9813746023,,BookMyShow,0.1939,AUTO
564adeff-06f7-4c6a-bddd-c18efb9e5367,81f7dd70-8a34-4d89-b097-01c124cdd41b,₹1618.93 debited to Spotify on 25-Nov-2025 23:39 via UPI Ref 8126795781,,Spotify,0.3924,AUTO
80c0d5f8-6be5-4846-b31d-00ab6e77c1d1,81f7dd70-8a34-4d89-b097-01c124cdd41b,₹1850.69 debited to Amazon on 25-Dec-2025 16:40 via UPI Ref 8061854479,,Amazon,0.3378,AUTO
05088116-8d0f-4bbd-aa33-1f2655881dae,81f7dd70-8a34-4d89-b097-01c124cdd41b,₹77536.92 credited to Company Payroll on 08-Dec-2025 01:55 via UPI Ref 8296751854,,Company Payroll,0.1684,AUTO
b4475b83-7a2c-49d3-8efb-6849f5e2b4a3,81f7dd70-8a34-4d89-b097-01c124cdd41b,₹1276.56 debited to DMart on 03-Feb-2026 18:32 via UPI Ref 4948153652,,DMart,0.1915,AUTO
d6e64038-11bf-4326-9df1-1787447fe1a3,81f7dd70-8a34-4d89-b097-01c124cdd41b,₹1131.33 debited to DMart on 29-Sep-2025 21:21 via UPI Ref 4924211814,,DMart,0.193,AUTO
5384bda9-1c4f-437e-adb1-2f47735157ef,81f7dd70-8a34-4d89-b097-01c124cdd41b,₹1377.36 debited to Dream11 on 22-Oct-2025 20:24 via UPI Ref 9028869416,,Dream11,0.1536,AUTO
a3513629-9fa6-46d2-ba4d-347f5d0adb68,81f7dd70-8a34-4d89-b097-01c124cdd41b,₹641.78 debited to Dominos on 20-Sep-2025 04:41 via UPI Ref 3011233407,,Dominos,0.3263,AUTO
273b669f-4f2f-4a7d-b9e0-f069144ccd37,81f7dd70-8a34-4d89-b097-01c124cdd41b,₹505.82 debited to Airtel on 03-Dec-2025 13:57 via UPI Ref 5547581263,,Airtel,0.2957,AUTO
6c3a43ac-c5d0-4e68-a612-209d43b34e45,81f7dd70-8a34-4d89-b097-01c124cdd41b,₹1768.64 debited to Netflix on 24-Jan-2026 05:48 via UPI Ref 3848715454,,Netflix,0.3032,AUTO
ebbde15c-0666-4ee7-b429-3eb817612723,81f7dd70-8a34-4d89-b097-01c124cdd41b,₹130.22 debited to Myntra on 30-Aug-2025 22:17 via UPI Ref 9791113699,,Myntra,0.2068,AUTO
405080ec-9a92-4a81-879b-0f2c5c4f8a46,81f7dd70-8a34-4d89-b097-01c124cdd41b,₹1582.35 debited to BigBasket on 04-Nov-2025 23:29 via UPI Ref 9986501834,,BigBasket,0.2075,AUTO
b4e76de2-85d6-47a3-bf48-69c4242036b4,81f7dd70-8a34-4d89-b097-01c124cdd41b,₹98.1 debited to Netflix on 02-Sep-2025 01:28 via UPI Ref 1410629156,,Netflix,0.3652,AUTO
576628a5-ff40-4666-912e-229d630cbf4e,81f7dd70-8a34-4d89-b097-01c124cdd41b,₹1842.3 debited to Electricity Board on 17-Dec-2025 10:57 via UPI Ref 2794916450,,Electricity Board,0.2913,AUTO
aa5a79ca-7dbc-4e3a-8e97-b191032105ea,81f7dd70-8a34-4d89-b097-01c124cdd41b,₹1066.75 debited to Electricity Board on 22-Oct-2025 22:52 via UPI Ref 2392901328,,Electricity Board,0.2723,AUTO
209080ca-ac82-4b03-8a29-7778e40e33d3,81f7dd70-8a34-4d89-b097-01c124cdd41b,₹61830.64 credited to Company Payroll on 22-Aug-2025 10:47 via UPI Ref 6383715327,,Company Payroll,0.1567,AUTO
3e12620e-c651-4660-bf34-b34145d49b78,81f7dd70-8a34-4d89-b097-01c124cdd41b,₹15000.0 debited to House Owner on 29-Aug-2025 13:30 via UPI Ref 9194171457,,House Owner,0.1839,AUTO
79f8af82-cf0d-4fac-b332-f73a1fea16d7,81f7dd70-8a34-4d89-b097-01c124cdd41b,₹743.39 debited to Amazon on 18-Jan-2026 14:29 via UPI Ref 4033013177,,Amazon,0.3183,AUTO
6388c62d-c72d-4208-993b-4e1102f44c0d,81f7dd70-8a34-4d89-b097-01c124cdd41b,₹475.72 debited to Amazon on 21-Aug-2025 17:28 via UPI Ref 8877060733,,Amazon,0.3744,AUTO
c5bbae0f-3503-4654-8596-5748569279c7,81f7dd70-8a34-4d89-b097-01c124cdd41b,₹319.03 debited to Jio on 03-Jan-2026 19:51 via UPI Ref 4153816828,,Jio,0.2254,AUTO
88d4e6d6-32b6-473e-a849-9b083f36a240,81f7dd70-8a34-4d89-b097-01c124cdd41b,₹860.85 debited to Flipkart on 23-Dec-2025 07:04 via UPI Ref 1125777180,,Flipkart,0.2448,AUTO
9d27a454-e4c9-427f-b39e-ba9467a5c2cb,81f7dd70-8a34-4d89-b097-01c124cdd41b,₹348.69 debited to Swiggy on 31-Jan-2026 06:27 via UPI Ref 4549058837,,Swiggy,0.2157,AUTO
10b66c14-73e7-45b6-8f22-5aa0fcc080ea,81f7dd70-8a34-4d89-b097-01c124cdd41b,₹808.4 debited to Myntra on 23-Dec-2025 06:57 via UPI Ref 2042486409,,Myntra,0.3115,AUTO
5f77526c-e415-416a-af27-76c2c8fcb609,81f7dd70-8a34-4d89-b097-01c124cdd41b,₹659.38 debited to Electricity Board on 27-Aug-2025 13:30 via UPI Ref 1938338697,,Electricity Board,0.356,AUTO
43439f90-e3ea-4d06-a953-8a073f1413a8,81f7dd70-8a34-4d89-b097-01c124cdd41b,₹860.3 debited to Flipkart on 21-Nov-2025 06:31 via UPI Ref 2872262814,,Flipkart,0.3436,AUTO
098e53ef-722e-493e-96ba-b20fcc86612e,81f7dd70-8a34-4d89-b097-01c124cdd41b,₹1883.47 debited to Ola on 01-Nov-2025 18:10 via UPI Ref 1940636181,,Ola,0.2799,AUTO
d6763815-9c17-49d2-b744-644d07986bbd,81f7dd70-8a34-4d89-b097-01c124cdd41b,₹1583.85 debited to Uber on 19-Nov-2025 17:42 via UPI Ref 2850375260,,Uber,0.3317,AUTO
c1484ab2-2932-4248-8859-2b529a829cbb,81f7dd70-8a34-4d89-b097-01c124cdd41b,₹1941.71 debited to Rapido on 28-Jan-2026 20:20 via UPI Ref 9350479982,,Rapido,0.3599,AUTO
42c96943-458f-4dfa-be3a-1cafbbb68d22,81f7dd70-8a34-4d89-b097-01c124cdd41b,₹77.53 debited to Electricity Board on 15-Jan-2026 13:06 via UPI Ref 2097440398,,Electricity Board,0.2865,AUTO
a8cb93df-e7c6-4127-8cd4-fafa941415d3,81f7dd70-8a34-4d89-b097-01c124cdd41b,₹1880.92 debited to Ola on 17-Oct-2025 02:49 via UPI Ref 5217483832,,Ola,0.2913,AUTO
ccc6d311-b2b4-484d-9560-3ca8905c6c39,81f7dd70-8a34-4d89-b097-01c124cdd41b,₹4516.63 debited to PokerStars on 27-Sep-2025 20:01 via UPI Ref 3309242134,,PokerStars,0.1952,AUTO
965f73cd-5135-45dc-8f69-33ab2a800798,81f7dd70-8a34-4d89-b097-01c124cdd41b,₹410.2 debited to Reliance Fresh on 29-Jan-2026 20:06 via UPI Ref 8108477053,,Reliance Fresh,0.1606,AUTO
64307bc2-6f06-43d7-9688-05cf05cf2c87,81f7dd70-8a34-4d89-b097-01c124cdd41b,₹1685.5 debited to Jio on 19-Sep-2025 12:05 via UPI Ref 4103370670,,Jio,0.2183,AUTO
e2967e21-1ff9-4a3d-be11-866565beb8fe,81f7dd70-8a34-4d89-b097-01c124cdd41b,₹1159.28 debited to Zomato on 29-Nov-2025 14:24 via UPI Ref 4899857905,,Zomato,0.2961,AUTO
c2aea4f6-8864-429d-bf56-ac0ecafda17a,81f7dd70-8a34-4d89-b097-01c124cdd41b,₹679.81 debited to PokerStars on 23-Dec-2025 08:41 via UPI Ref 9577899172,,PokerStars,0.1748,AUTO
dfd276e7-74d4-4045-9fd9-b39241bfeedc,81f7dd70-8a34-4d89-b097-01c124cdd41b,₹1326.0 debited to Zomato on 13-Dec-2025 15:11 via UPI Ref 8991419441,,Zomato,0.3969,AUTO
028a3204-978c-4bfb-8d84-60a692c5d0d9,81f7dd70-8a34-4d89-b097-01c124cdd41b,₹1226.88 debited to Dominos on 14-Oct-2025 13:54 via UPI Ref 3504516718,,Dominos,0.2415,AUTO
df7e0cff-bcf4-4496-ad65-90e96d30d1f4,81f7dd70-8a34-4d89-b097-01c124cdd41b,₹938.02 debited to Airtel on 19-Aug-2025 08:59 via UPI Ref 7229152273,,Airtel,0.3509,AUTO
b96bd5be-d5f8-4a4e-9dfb-58553f9bc0cf,81f7dd70-8a34-4d89-b097-01c124cdd41b,₹195.5 debited to Uber on 11-Feb-2026 11:54 via UPI Ref 7364242604,,Uber,0.4292,AUTO
e5ccf272-7a26-41e4-b9bd-d482a9abf976,81f7dd70-8a34-4d89-b097-01c124cdd41b,₹1857.75 debited to Ola on 08-Nov-2025 20:32 via UPI Ref 5847609822,,Ola,0.3426,AUTO
5fb65dee-2f20-4e33-b70c-d54420419e5f,81f7dd70-8a34-4d89-b097-01c124cdd41b,₹1697.81 debited to Reliance Fresh on 02-Nov-2025 12:12 via UPI Ref 6764917157,,Reliance Fresh,0.2056,AUTO
d1bfcff2-f052-4e1f-824e-8398ce15b89f,81f7dd70-8a34-4d89-b097-01c124cdd41b,₹15000.0 debited to House Owner on 09-Jan-2026 09:12 via UPI Ref 6384870669,,House Owner,0.1993,AUTO
1fdaabee-0ff0-4b79-b665-777092e23808,81f7dd70-8a34-4d89-b097-01c124cdd41b,₹1740.99 debited to Reliance Fresh on 02-Dec-2025 18:38 via UPI Ref 1748139841,,Reliance Fresh,0.1996,AUTO
cfa19329-3c46-4086-b39a-8a188cdb1714,81f7dd70-8a34-4d89-b097-01c124cdd41b,₹1020.69 debited to McDonalds on 13-Nov-2025 01:28 via UPI Ref 3593874780,,McDonalds,0.1629,AUTO
4ac8a4de-53bd-4514-bcdd-68ea46f1fe40,81f7dd70-8a34-4d89-b097-01c124cdd41b,₹833.65 debited to Myntra on 23-Sep-2025 06:16 via UPI Ref 7432749170,,Myntra,0.2098,AUTO
8d0764d5-cea9-40ea-8887-d284700d8779,81f7dd70-8a34-4d89-b097-01c124cdd41b,₹173.68 debited to Netflix on 18-Jan-2026 14:09 via UPI Ref 9027618664,,Netflix,0.3403,AUTO
e28905cc-fa47-4227-bbe4-f07eb1ce7ba4,81f7dd70-8a34-4d89-b097-01c124cdd41b,₹15000.0 debited to House Owner on 02-Feb-2026 00:30 via UPI Ref 1759662786,,House Owner,0.1976,AUTO
9e64c2bb-2250-496d-a3ae-23eb918c65ef,81f7dd70-8a34-4d89-b097-01c124cdd41b,₹4919.89 debited to Dream11 on 29-Oct-2025 07:34 via UPI Ref 2466440377,,Dream11,0.1688,AUTO
5d7187ec-7b47-4fca-8b31-a5f3dd08ba05,81f7dd70-8a34-4d89-b097-01c124cdd41b,₹1374.8 debited to Swiggy on 10-Feb-2026 21:58 via UPI Ref 3204289929,,Swiggy,0.3634,AUTO
e728d6d0-0d19-445b-a515-1d25606982bd,81f7dd70-8a34-4d89-b097-01c124cdd41b,₹1820.55 debited to Hospital XYZ on 21-Aug-2025 21:58 via UPI Ref 8854766245,,Hospital XYZ,0.3382,AUTO
c1d62043-37e4-40a7-90eb-e45f4b4a022b,81f7dd70-8a34-4d89-b097-01c124cdd41b,₹775.96 debited to Zomato on 20-Sep-2025 18:25 via UPI Ref 3700081733,,Zomato,0.2944,AUTO
39299fad-ca9b-41ed-96f4-0c53e161ebd8,81f7dd70-8a34-4d89-b097-01c124cdd41b,₹1740.15 debited to Rapido on 06-Nov-2025 15:47 via UPI Ref 6569011102,,Rapido,0.2754,AUTO
1773bc0f-7432-4887-adf5-b4b1dfbee04a,81f7dd70-8a34-4d89-b097-01c124cdd41b,₹2253.64 debited to Bet365 on 02-Jan-2026 18:01 via UPI Ref 6948522357,,Bet365,0.1826,AUTO
a5b969fa-9ae5-406b-a8ba-1768e8f741c3,81f7dd70-8a34-4d89-b097-01c124cdd41b,₹936.07 debited to Electricity Board on 18-Aug-2025 18:39 via UPI Ref 2317213992,,Electricity Board,0.339,AUTO
99244018-600c-41f8-adf2-7c7080dafc8c,81f7dd70-8a34-4d89-b097-01c124cdd41b,₹328.62 debited to Spotify on 15-Sep-2025 10:30 via UPI Ref 2233140772,,Spotify,0.4699,AUTO
1dbe44e2-666e-4431-acfb-4f5f0458707b,81f7dd70-8a34-4d89-b097-01c124cdd41b,₹1420.93 debited to Ola on 07-Nov-2025 13:19 via UPI Ref 4004150214,,Ola,0.3299,AUTO
010477c2-2da6-4b29-b9f0-92e221a3a915,81f7dd70-8a34-4d89-b097-01c124cdd41b,₹820.28 debited to Amazon on 20-Dec-2025 06:51 via UPI Ref 9010567731,,Amazon,0.3612,AUTO
245008e8-1fa5-4857-b068-115f76cb91ee,81f7dd70-8a34-4d89-b097-01c124cdd41b,₹165.06 debited to Airtel on 19-Oct-2025 11:54 via UPI Ref 8587981538,,Airtel,0.3013,AUTO
4e5495c7-540e-4879-bd89-ce8d7b8ade4b,81f7dd70-8a34-4d89-b097-01c124cdd41b,₹248.89 debited to Hospital XYZ on 20-Aug-2025 19:43 via UPI Ref 5832274801,,Hospital XYZ,0.2663,AUTO
404c473d-cf39-4ba1-ade0-750f2426db8e,81f7dd70-8a34-4d89-b097-01c124cdd41b,₹39675.48 credited to Company Payroll on 07-Sep-2025 13:00 via UPI Ref 7174044552,,Company Payroll,0.1552,AUTO
e032b9ef-5a5d-4637-abb2-6cb68d9cb67a,81f7dd70-8a34-4d89-b097-01c124cdd41b,₹1042.05 debited to Netflix on 13-Nov-2025 02:27 via UPI Ref 3270667449,,Netflix,0.3942,AUTO
2db2f3a4-1750-4c27-a66d-ce7b4d76a970,81f7dd70-8a34-4d89-b097-01c124cdd41b,₹137.14 debited to Amazon on 09-Nov-2025 01:59 via UPI Ref 3300445805,,Amazon,0.3332,AUTO
f64789fc-4218-4cea-831f-62fe8b93c93b,81f7dd70-8a34-4d89-b097-01c124cdd41b,₹1614.44 debited to Rapido on 15-Nov-2025 07:49 via UPI Ref 9928719033,,Rapido,0.2524,AUTO
4bcb6e83-18e9-492b-852b-038d2c82053a,81f7dd70-8a34-4d89-b097-01c124cdd41b,₹15000.0 debited to House Owner on 21-Sep-2025 15:29 via UPI Ref 7061631617,,House Owner,0.2214,AUTO
051f93f9-0cc1-40e7-88d3-cc338b7d5909,81f7dd70-8a34-4d89-b097-01c124cdd41b,₹46724.42 credited to Company Payroll on 10-Nov-2025 11:30 via UPI Ref 4625757607,,Company Payroll,0.2454,AUTO
1a1e7d61-9ab2-470b-85eb-ae81949ea2fd,81f7dd70-8a34-4d89-b097-01c124cdd41b,₹1019.53 debited to Amazon on 22-Aug-2025 13:41 via UPI Ref 8609340882,,Amazon,0.3525,AUTO
e84c7ec6-b9b3-43a2-a66f-49916fa5694b,81f7dd70-8a34-4d89-b097-01c124cdd41b,₹1495.66 debited to Zomato on 19-Oct-2025 17:00 via UPI Ref 1197577852,,Zomato,0.3856,AUTO
4068ca5d-769a-48a8-9054-ebae19cd298f,81f7dd70-8a34-4d89-b097-01c124cdd41b,₹726.69 debited to Amazon on 22-Jan-2026 19:48 via UPI Ref 9477306327,,Amazon,0.3853,AUTO
5d63fd53-8e83-4c36-a0c7-ba289b669236,81f7dd70-8a34-4d89-b097-01c124cdd41b,₹309.77 debited to Spotify on 30-Oct-2025 19:00 via UPI Ref 3821042203,,Spotify,0.45,AUTO
6adf8da9-3c92-4a10-83cc-d30f4137db34,81f7dd70-8a34-4d89-b097-01c124cdd41b,₹15000.0 debited to House Owner on 23-Dec-2025 22:49 via UPI Ref 8307119770,,House Owner,0.1647,AUTO
b36f1d59-da4c-4614-90c4-c9a7eb1474fb,81f7dd70-8a34-4d89-b097-01c124cdd41b,₹1871.8 debited to Myntra on 10-Dec-2025 13:56 via UPI Ref 6389358751,,Myntra,0.2905,AUTO
4f2f00c0-a8c1-45d3-bf43-39c0e1f42474,81f7dd70-8a34-4d89-b097-01c124cdd41b,₹799.38 debited to McDonalds on 31-Aug-2025 20:32 via UPI Ref 5588687484,,McDonalds,0.156,AUTO
46461db2-638a-4fcd-a74f-9eb5b1ba7eb5,81f7dd70-8a34-4d89-b097-01c124cdd41b,₹1162.16 debited to McDonalds on 16-Oct-2025 14:51 via UPI Ref 2279893901,,McDonalds,0.2232,AUTO
a5a4df9c-8b2b-48ed-b883-0b520a7ccb45,81f7dd70-8a34-4d89-b097-01c124cdd41b,₹531.1 debited to DMart on 03-Oct-2025 09:47 via UPI Ref 3725208775,,DMart,0.2071,AUTO
7663e226-82da-43a6-a5ca-71b9c0f7e44c,81f7dd70-8a34-4d89-b097-01c124cdd41b,₹4255.11 debited to Bet365 on 25-Sep-2025 16:34 via UPI Ref 4424150162,,Bet365,0.1872,AUTO
f9cc8c75-6bef-478e-9591-e7031b63e884,81f7dd70-8a34-4d89-b097-01c124cdd41b,₹780.3 debited to Myntra on 26-Nov-2025 11:15 via UPI Ref 9565873749,,Myntra,0.3278,AUTO
49e67ea9-f89d-4bd6-a10c-90cd4574b0c8,81f7dd70-8a34-4d89-b097-01c124cdd41b,₹1705.64 debited to Amazon on 27-Aug-2025 18:08 via UPI Ref 1255924913,,Amazon,0.2332,AUTO
f7be60f9-ab67-43c1-8e9a-82f9bb3bdaa3,81f7dd70-8a34-4d89-b097-01c124cdd41b,₹896.07 debited to Reliance Fresh on 06-Jan-2026 16:23 via UPI Ref 4786776055,,Reliance Fresh,0.151,AUTO
fe683cac-5b05-4081-86b4-d5dc47ae941f,81f7dd70-8a34-4d89-b097-01c124cdd41b,₹1849.25 debited to BigBasket on 18-Oct-2025 03:17 via UPI Ref 6969498847,,BigBasket,0.2069,AUTO
2d906d34-4d4a-44d6-b933-92e3a94e2820,81f7dd70-8a34-4d89-b097-01c124cdd41b,₹533.48 debited to Zomato on 18-Nov-2025 10:14 via UPI Ref 4243140669,,Zomato,0.3379,AUTO
8b10534d-dfe2-43e6-a11a-e689b4b30efa,81f7dd70-8a34-4d89-b097-01c124cdd41b,₹230.03 debited to Netflix on 16-Jan-2026 10:12 via UPI Ref 3496632632,,Netflix,0.3969,AUTO
28cb09c9-8bf4-4c71-81f0-546fbe8b5c08,81f7dd70-8a34-4d89-b097-01c124cdd41b,₹1493.89 debited to Netflix on 29-Oct-2025 00:20 via UPI Ref 5712433819,,Netflix,0.4031,AUTO
c745fe28-e434-48d9-87ea-abe784b79fd7,81f7dd70-8a34-4d89-b097-01c124cdd41b,₹149.77 debited to McDonalds on 07-Sep-2025 19:29 via UPI Ref 4056471548,,McDonalds,0.1873,AUTO
453e205f-84ac-44f3-93c6-55ecff9abd46,81f7dd70-8a34-4d89-b097-01c124cdd41b,₹1213.77 debited to McDonalds on 14-Dec-2025 02:24 via UPI Ref 6935800813,,McDonalds,0.1664,AUTO
7f845f16-d24c-439c-aaf3-ebb5cdc81bb9,81f7dd70-8a34-4d89-b097-01c124cdd41b,₹782.93 debited to Apollo Pharmacy on 25-Sep-2025 23:04 via UPI Ref 5976099623,,Apollo Pharmacy,0.4159,AUTO
2d2546e1-58e1-4bbe-8de7-9b03998f53ad,81f7dd70-8a34-4d89-b097-01c124cdd41b,₹715.46 debited to Dream11 on 04-Dec-2025 13:57 via UPI Ref 4944773147,,Dream11,0.2028,AUTO
b58f8eae-d2e0-4408-88fd-23c424077ec6,81f7dd70-8a34-4d89-b097-01c124cdd41b,₹1374.61 debited to BigBasket on 30-Nov-2025 05:02 via UPI Ref 3814665833,,BigBasket,0.1791,AUTO
6c121e24-7a35-4d00-a0d6-6225fea5e384,81f7dd70-8a34-4d89-b097-01c124cdd41b,₹868.52 debited to BigBasket on 31-Oct-2025 04:04 via UPI Ref 2712093040,,BigBasket,0.1566,AUTO
a758a29d-6af9-4bdc-a4d7-94a44c303119,81f7dd70-8a34-4d89-b097-01c124cdd41b,₹2074.89 debited to Dream11 on 08-Sep-2025 19:05 via UPI Ref 8971836210,,Dream11,0.197,AUTO
728751c9-d973-4d9f-af07-7714e3dcd01c,81f7dd70-8a34-4d89-b097-01c124cdd41b,₹325.5 debited to Jio on 09-Dec-2025 00:57 via UPI Ref 4441885006,,Jio,0.3628,AUTO
a6f717ee-b320-44f1-b3e3-8b0a20178556,81f7dd70-8a34-4d89-b097-01c124cdd41b,₹627.49 debited to Flipkart on 19-Nov-2025 02:46 via UPI Ref 5153166401,,Flipkart,0.4013,AUTO
bebb757d-c340-4375-883d-8cd6a56dff00,81f7dd70-8a34-4d89-b097-01c124cdd41b,₹1582.65 debited to BookMyShow on 16-Jan-2026 19:21 via UPI Ref 1944877937,,BookMyShow,0.1494,AUTO
3a76d812-84cb-47b2-b758-a3d5cbff10e7,81f7dd70-8a34-4d89-b097-01c124cdd41b,₹508.91 debited to Swiggy on 05-Nov-2025 18:01 via UPI Ref 8468722362,,Swiggy,0.312,AUTO
3b08f97a-0dca-4bb9-a0ae-eb315ed4775e,81f7dd70-8a34-4d89-b097-01c124cdd41b,₹1665.69 debited to Airtel on 31-Aug-2025 11:04 via UPI Ref 4133576211,,Airtel,0.3938,AUTO
2aa06834-cc3a-4a56-975d-4a49cd69273b,81f7dd70-8a34-4d89-b097-01c124cdd41b,₹858.72 debited to Rapido on 16-Oct-2025 21:40 via UPI Ref 3679038194,,Rapido,0.3027,AUTO
40adbbf1-f24f-41c5-b0e5-84432cd804d4,81f7dd70-8a34-4d89-b097-01c124cdd41b,₹4765.15 debited to PokerStars on 13-Jan-2026 07:08 via UPI Ref 3765031366,,PokerStars,0.1562,AUTO
288524db-8ea2-47e6-8c55-17fdcd101032,81f7dd70-8a34-4d89-b097-01c124cdd41b,₹874.23 debited to Hospital XYZ on 01-Oct-2025 21:36 via UPI Ref 9367083744,,Hospital XYZ,0.3692,AUTO
8c289585-60c7-45f1-b0ec-5fba1dfab30a,81f7dd70-8a34-4d89-b097-01c124cdd41b,₹1686.81 debited to Electricity Board on 25-Aug-2025 08:19 via UPI Ref 2454157373,,Electricity Board,0.2748,AUTO
8222e527-f8b7-45a2-869e-c937831d020f,81f7dd70-8a34-4d89-b097-01c124cdd41b,₹357.16 debited to Rapido on 19-Nov-2025 17:26 via UPI Ref 5601158654,,Rapido,0.2626,AUTO
f2d27dac-7167-4287-95dd-ea68f6d5a8b8,81f7dd70-8a34-4d89-b097-01c124cdd41b,₹68526.84 credited to Company Payroll on 16-Jan-2026 02:01 via UPI Ref 6007009768,,Company Payroll,0.1708,AUTO
7519d7fe-9e32-4d24-96e5-882541d10aed,81f7dd70-8a34-4d89-b097-01c124cdd41b,₹483.56 debited to McDonalds on 23-Dec-2025 13:08 via UPI Ref 4942955755,,McDonalds,0.2037,AUTO
de7dd395-2af1-4a42-a399-1ee6d708f9f0,81f7dd70-8a34-4d89-b097-01c124cdd41b,₹1687.27 debited to Zomato on 13-Nov-2025 02:16 via UPI Ref 2091550571,,Zomato,0.3701,AUTO
7155ca0e-57d1-423b-a7c9-f0613861f4e8,81f7dd70-8a34-4d89-b097-01c124cdd41b,₹1349.78 debited to DMart on 20-Sep-2025 09:04 via UPI Ref 1985066827,,DMart,0.2021,AUTO
96076126-a83b-41ac-8459-8e834d34722f,81f7dd70-8a34-4d89-b097-01c124cdd41b,₹15000.0 debited to House Owner on 06-Sep-2025 15:25 via UPI Ref 6710089360,,House Owner,0.183,AUTO
3ebf21b3-438e-4ff3-b64c-047105ccaf00,81f7dd70-8a34-4d89-b097-01c124cdd41b,₹306.1 debited to Zomato on 27-Sep-2025 03:40 via UPI Ref 4006359380,,Zomato,0.3888,AUTO
ae68392c-f071-4680-848e-98217168a1d4,81f7dd70-8a34-4d89-b097-01c124cdd41b,₹1734.45 debited to BookMyShow on 02-Feb-2026 03:38 via UPI Ref 2227094733,,BookMyShow,0.1781,AUTO
8fdafa0e-4074-4a5e-b3cf-931cb331c7bc,81f7dd70-8a34-4d89-b097-01c124cdd41b,₹1844.9 debited to Swiggy on 27-Dec-2025 18:44 via UPI Ref 1897877165,,Swiggy,0.3371,AUTO
aafa800f-1ac0-4f2d-a7ac-edb0ff50f6e1,81f7dd70-8a34-4d89-b097-01c124cdd41b,₹1761.39 debited to Netflix on 28-Aug-2025 23:33 via UPI Ref 5950138537,,Netflix,0.3082,AUTO
f0e84fc9-ee5a-4aa0-a3c3-78c02c614e75,81f7dd70-8a34-4d89-b097-01c124cdd41b,₹1739.75 debited to Amazon on 06-Nov-2025 21:58 via UPI Ref 6897344622,,Amazon,0.3087,AUTO
e85838d0-aad3-4998-a05b-fae6b84ecc1a,81f7dd70-8a34-4d89-b097-01c124cdd41b,₹188.56 debited to McDonalds on 26-Sep-2025 14:09 via UPI Ref 1105494498,,McDonalds,0.1497,AUTO
4eeae436-788b-4376-8982-5321401354e2,81f7dd70-8a34-4d89-b097-01c124cdd41b,₹200.17 debited to Amazon on 16-Sep-2025 11:20 via UPI Ref 4056981677,,Amazon,0.3246,AUTO
8d836ee0-bafa-4701-acb9-2c67d294732e,81f7dd70-8a34-4d89-b097-01c124cdd41b,₹398.16 debited to Flipkart on 23-Oct-2025 06:41 via UPI Ref 5008144315,,Flipkart,0.2671,AUTO
3713adda-bf77-4a2b-bad3-47f51f0dcea9,81f7dd70-8a34-4d89-b097-01c124cdd41b,₹3115.32 debited to Bet365 on 03-Sep-2025 18:25 via UPI Ref 6536544918,,Bet365,0.2276,AUTO
80e43859-c02a-4a2f-96b4-a29533849471,81f7dd70-8a34-4d89-b097-01c124cdd41b,₹1921.28 debited to Swiggy on 04-Nov-2025 23:23 via UPI Ref 9808368636,,Swiggy,0.3389,AUTO
b4da8d8c-9fc4-45f4-ae8c-fe916d30221d,81f7dd70-8a34-4d89-b097-01c124cdd41b,₹1046.64 debited to DMart on 22-Oct-2025 05:52 via UPI Ref 8299004931,,DMart,0.1987,AUTO
0fb04cd8-3c75-4020-995f-4f63a2759b87,81f7dd70-8a34-4d89-b097-01c124cdd41b,₹1098.26 debited to Reliance Fresh on 10-Oct-2025 01:02 via UPI Ref 1671390644,,Reliance Fresh,0.1763,AUTO
c08a8e1f-5fb9-43ba-b144-0617580f3998,81f7dd70-8a34-4d89-b097-01c124cdd41b,₹163.45 debited to DMart on 22-Oct-2025 13:29 via UPI Ref 9592162268,,DMart,0.1695,AUTO
76755a5d-07cb-46eb-82ad-27922e0b820e,81f7dd70-8a34-4d89-b097-01c124cdd41b,₹1065.28 debited to Spotify on 07-Dec-2025 02:25 via UPI Ref 3419845376,,Spotify,0.3513,AUTO
14aa9142-e69d-435f-9561-2a9cbff8169a,81f7dd70-8a34-4d89-b097-01c124cdd41b,₹310.86 debited to Reliance Fresh on 06-Feb-2026 07:12 via UPI Ref 2919768341,,Reliance Fresh,0.1622,AUTO
3ffa74a3-7667-414d-bdea-ba77a452c0f2,81f7dd70-8a34-4d89-b097-01c124cdd41b,₹15000.0 debited to House Owner on 03-Sep-2025 00:03 via UPI Ref 4604073918,,House Owner,0.1925,AUTO
9820f4ec-822c-4b9b-90e7-8523f4c04217,81f7dd70-8a34-4d89-b097-01c124cdd41b,₹1832.01 debited to Swiggy on 18-Jan-2026 21:12 via UPI Ref 2589232252,,Swiggy,0.2961,AUTO
535a5970-b0d7-4757-91e0-6ed899a630ea,81f7dd70-8a34-4d89-b097-01c124cdd41b,₹901.29 debited to PokerStars on 21-Dec-2025 04:30 via UPI Ref 2794624660,,PokerStars,0.1659,AUTO
ad934c5f-e9d5-413a-9c54-3d0dcb905cc1,81f7dd70-8a34-4d89-b097-01c124cdd41b,₹1181.24 debited to Spotify on 14-Sep-2025 05:35 via UPI Ref 4164707957,,Spotify,0.3968,AUTO
72167827-c12e-4c39-82b0-7e7467a68d30,81f7dd70-8a34-4d89-b097-01c124cdd41b,₹67.85 debited to Reliance Fresh on 13-Nov-2025 19:54 via UPI Ref 8309148608,,Reliance Fresh,0.1863,AUTO
d202d9b8-04a3-4dcd-8da2-f14d46df3bd7,81f7dd70-8a34-4d89-b097-01c124cdd41b,₹38525.11 credited to Company Payroll on 29-Aug-2025 17:17 via UPI Ref 6333683472,,Company Payroll,0.1859,AUTO
58b4d72f-33a8-4fa0-a39e-bf56b22f978d,81f7dd70-8a34-4d89-b097-01c124cdd41b,₹708.92 debited to Spotify on 14-Oct-2025 02:14 via UPI Ref 9071724384,,Spotify,0.3967,AUTO
218a74de-282f-4031-bba7-e5d1393730a7,81f7dd70-8a34-4d89-b097-01c124cdd41b,₹620.57 debited to Reliance Fresh on 20-Oct-2025 19:48 via UPI Ref 4078823725,,Reliance Fresh,0.2185,AUTO
776acfc0-1f22-456d-9459-132672872ef4,81f7dd70-8a34-4d89-b097-01c124cdd41b,₹220.9 debited to Swiggy on 21-Dec-2025 02:41 via UPI Ref 5765045131,,Swiggy,0.3749,AUTO
a4e2dbe2-ae68-4b5b-9d19-0e58689e3d25,81f7dd70-8a34-4d89-b097-01c124cdd41b,₹330.04 debited to Flipkart on 23-Aug-2025 17:23 via UPI Ref 9940152291,,Flipkart,0.242,AUTO
96759019-c062-4438-87e5-b9e32368f9dc,81f7dd70-8a34-4d89-b097-01c124cdd41b,₹485.32 debited to Ola on 30-Aug-2025 05:51 via UPI Ref 9111055719,,Ola,0.3365,AUTO
fb1c3324-3cb8-407d-bfde-1897f7285585,81f7dd70-8a34-4d89-b097-01c124cdd41b,₹1152.01 debited to Flipkart on 04-Dec-2025 04:09 via UPI Ref 7095875317,,Flipkart,0.2555,AUTO
2266cb09-88dd-479a-a746-d666f379d1a4,81f7dd70-8a34-4d89-b097-01c124cdd41b,₹873.15 debited to Hospital XYZ on 03-Feb-2026 22:03 via UPI Ref 8378553310,,Hospital XYZ,0.3111,AUTO
5a901cf4-1ae8-4ed6-ba59-9dff596587f1,81f7dd70-8a34-4d89-b097-01c124cdd41b,₹583.13 debited to Dream11 on 12-Dec-2025 06:32 via UPI Ref 5034128135,,Dream11,0.1987,AUTO
23b0c699-709a-405d-97d6-2266f9a4bd7e,81f7dd70-8a34-4d89-b097-01c124cdd41b,₹716.49 debited to Spotify on 06-Sep-2025 15:19 via UPI Ref 3450916146,,Spotify,0.3692,AUTO
dda4a321-9acb-4dda-b8ec-0c6ea1cc648e,81f7dd70-8a34-4d89-b097-01c124cdd41b,₹15000.0 debited to House Owner on 01-Dec-2025 20:59 via UPI Ref 2817407068,,House Owner,0.2172,AUTO
21cf7a6e-4bd0-41db-8cb1-2326a86beab2,81f7dd70-8a34-4d89-b097-01c124cdd41b,₹203.57 debited to Ola on 30-Nov-2025 19:59 via UPI Ref 9471687299,,Ola,0.2849,AUTO
9285a815-f5a7-436f-98f4-4bbb127384bb,81f7dd70-8a34-4d89-b097-01c124cdd41b,₹1851.49 debited to Netflix on 05-Oct-2025 14:19 via UPI Ref 4689999255,,Netflix,0.3,AUTO
3edeef4d-cd16-4880-858d-849acd254ceb,81f7dd70-8a34-4d89-b097-01c124cdd41b,₹1358.91 debited to Rapido on 25-Oct-2025 10:24 via UPI Ref 7035369808,,Rapido,0.2889,AUTO
65b802a9-2ae3-42e0-9930-f5aacbb9b76f,81f7dd70-8a34-4d89-b097-01c124cdd41b,₹1648.77 debited to McDonalds on 16-Aug-2025 12:01 via UPI Ref 3090171741,,McDonalds,0.1953,AUTO
12d4b052-73b0-4ee0-bcad-ed09fce2398c,81f7dd70-8a34-4d89-b097-01c124cdd41b,₹542.55 debited to DMart on 17-Dec-2025 23:37 via UPI Ref 7337042004,,DMart,0.2012,AUTO
cf0a0d95-c652-4939-abe5-d09fc57447cd,81f7dd70-8a34-4d89-b097-01c124cdd41b,₹396.43 debited to Uber on 26-Jan-2026 19:49 via UPI Ref 5154580224,,Uber,0.2839,AUTO
b952bb93-8901-4d3e-9e22-322e0c8f3dfa,81f7dd70-8a34-4d89-b097-01c124cdd41b,₹181.79 debited to Netflix on 15-Jan-2026 08:27 via UPI Ref 2073521703,,Netflix,0.3128,AUTO
6098a72a-68cd-436d-88b4-3620e02d8dba,81f7dd70-8a34-4d89-b097-01c124cdd41b,₹887.69 debited to Water Supply on 20-Nov-2025 16:17 via UPI Ref 5523174901,,Water Supply,0.2408,AUTO
82062a4b-862d-418d-a278-db75e00d54bb,81f7dd70-8a34-4d89-b097-01c124cdd41b,₹1760.35 debited to Reliance Fresh on 09-Oct-2025 19:04 via UPI Ref 6432436610,,Reliance Fresh,0.1854,AUTO
345ce774-2192-4611-aacd-85e128e698ba,81f7dd70-8a34-4d89-b097-01c124cdd41b,₹1910.22 debited to Amazon on 27-Aug-2025 22:12 via UPI Ref 9778039112,,Amazon,0.2907,AUTO
6284a62c-bafb-460f-92d6-f7256ba1d361,81f7dd70-8a34-4d89-b097-01c124cdd41b,₹71.45 debited to Zomato on 18-Oct-2025 01:10 via UPI Ref 1167943152,,Zomato,0.3282,AUTO
1c09a777-4e10-4f9f-b5c1-badcfe88720a,81f7dd70-8a34-4d89-b097-01c124cdd41b,₹374.32 debited to DMart on 16-Oct-2025 00:10 via UPI Ref 2511832093,,DMart,0.1718,AUTO
936f565d-0bd5-49fe-8906-8f8352fac3bf,81f7dd70-8a34-4d89-b097-01c124cdd41b,₹286.0 debited to Jio on 07-Nov-2025 05:33 via UPI Ref 3761438486,,Jio,0.3209,AUTO
34476221-4131-423c-958c-714e8b8a2757,81f7dd70-8a34-4d89-b097-01c124cdd41b,₹1003.21 debited to Bet365 on 20-Dec-2025 23:39 via UPI Ref 8259731566,,Bet365,0.1947,AUTO
dc450df2-9f9c-4974-bb3f-174ffae607a3,81f7dd70-8a34-4d89-b097-01c124cdd41b,₹77620.14 credited to Company Payroll on 13-Oct-2025 05:17 via UPI Ref 7782767034,,Company Payroll,0.1554,AUTO
2bac398c-8758-4de7-8ead-cf7914f4db44,81f7dd70-8a34-4d89-b097-01c124cdd41b,₹487.91 debited to Water Supply on 24-Jan-2026 16:05 via UPI Ref 4157671309,,Water Supply,0.2433,AUTO
4dd0bb15-8271-478a-8755-515289dbd50c,81f7dd70-8a34-4d89-b097-01c124cdd41b,₹860.35 debited to Myntra on 27-Jan-2026 11:34 via UPI Ref 8459896627,,Myntra,0.3181,AUTO
2ee1e53c-edcb-4ab3-b45a-88244ad6d702,81f7dd70-8a34-4d89-b097-01c124cdd41b,₹607.05 debited to Myntra on 21-Nov-2025 21:36 via UPI Ref 8230590693,,Myntra,0.1826,AUTO
0c5e45a7-5e19-400a-bab2-562262a92e75,81f7dd70-8a34-4d89-b097-01c124cdd41b,₹579.11 debited to Zomato on 25-Nov-2025 07:35 via UPI Ref 4381323792,,Zomato,0.2801,AUTO
9465e57e-5150-4e4b-91bc-74321ce834e6,81f7dd70-8a34-4d89-b097-01c124cdd41b,₹662.98 debited to McDonalds on 24-Jan-2026 18:58 via UPI Ref 4327441238,,McDonalds,0.1854,AUTO
3f66661a-192d-446b-808c-41dcc4cb26ff,81f7dd70-8a34-4d89-b097-01c124cdd41b,₹63.8 debited to Apollo Pharmacy on 01-Dec-2025 03:30 via UPI Ref 7577498465,,Apollo Pharmacy,0.3959,AUTO
1e4ec875-666d-4a73-af41-15977276b5ae,81f7dd70-8a34-4d89-b097-01c124cdd41b,₹565.24 debited to Electricity Board on 26-Jan-2026 22:19 via UPI Ref 7327357146,,Electricity Board,0.2832,AUTO
da005ed8-4fab-4ff1-89fb-b77d6661eab7,81f7dd70-8a34-4d89-b097-01c124cdd41b,₹137.1 debited to BookMyShow on 12-Dec-2025 04:06 via UPI Ref 7603176375,,BookMyShow,0.187,AUTO
de09a317-d4c2-4fe9-a53b-3bbd765449ef,81f7dd70-8a34-4d89-b097-01c124cdd41b,₹1738.43 debited to Ola on 23-Sep-2025 02:57 via UPI Ref 1808118380,,Ola,0.2855,AUTO
d970d7ff-2f52-40c0-b0d9-7838b8111dbe,81f7dd70-8a34-4d89-b097-01c124cdd41b,₹1700.37 debited to Spotify on 28-Aug-2025 08:58 via UPI Ref 7314631225,,Spotify,0.3183,AUTO
cdeb27f7-cc59-4a84-b63f-8ac5cc956767,81f7dd70-8a34-4d89-b097-01c124cdd41b,₹1595.81 debited to Rapido on 03-Nov-2025 20:14 via UPI Ref 1121010427,,Rapido,0.2624,AUTO
ae7af852-6847-4265-a4bc-e798449c69e0,81f7dd70-8a34-4d89-b097-01c124cdd41b,₹662.71 debited to Flipkart on 27-Sep-2025 14:03 via UPI Ref 3349525485,,Flipkart,0.2657,AUTO
87cc3268-400a-4192-99c4-31dde99e90e6,81f7dd70-8a34-4d89-b097-01c124cdd41b,₹610.14 debited to Jio on 22-Sep-2025 04:24 via UPI Ref 1514400906,,Jio,0.2595,AUTO
a0da00ba-3394-43c6-a116-3d46a8c5cbe5,81f7dd70-8a34-4d89-b097-01c124cdd41b,₹940.09 debited to Amazon on 09-Dec-2025 19:59 via UPI Ref 7556985390,,Amazon,0.3588,AUTO
4c0293c6-7a37-44e3-af7e-f987cd0005d6,81f7dd70-8a34-4d89-b097-01c124cdd41b,₹1953.35 debited to Electricity Board on 21-Dec-2025 20:56 via UPI Ref 4331330631,,Electricity Board,0.3652,AUTO
ba4e29a6-7231-43a5-b40f-962aaf09efd3,81f7dd70-8a34-4d89-b097-01c124cdd41b,₹15000.0 debited to House Owner on 09-Jan-2026 13:32 via UPI Ref 2920571659,,House Owner,0.163,AUTO
9512d4c8-91a3-476e-a24a-a353890f9a16,81f7dd70-8a34-4d89-b097-01c124cdd41b,₹824.38 debited to McDonalds on 08-Jan-2026 00:09 via UPI Ref 3644806150,,McDonalds,0.1538,AUTO
e0baa35b-3942-4108-ab76-570b9257728b,81f7dd70-8a34-4d89-b097-01c124cdd41b,₹1531.57 debited to DMart on 27-Oct-2025 01:57 via UPI Ref 7949934137,,DMart,0.1708,AUTO
2ab94d83-e8b9-4264-8961-de6443acd700,81f7dd70-8a34-4d89-b097-01c124cdd41b,₹1823.03 debited to Hospital XYZ on 25-Aug-2025 09:39 via UPI Ref 7765084605,,Hospital XYZ,0.3555,AUTO
a7987802-8d75-424c-800a-b74df359f829,81f7dd70-8a34-4d89-b097-01c124cdd41b,₹1520.49 debited to Netflix on 28-Sep-2025 07:35 via UPI Ref 2403431887,,Netflix,0.2765,AUTO
1c121603-1aae-4fa1-824e-3755eb0cb389,81f7dd70-8a34-4d89-b097-01c124cdd41b,₹239.18 debited to Uber on 11-Dec-2025 12:33 via UPI Ref 9689821964,,Uber,0.3466,AUTO
0555ddc6-0311-49bb-ac4d-97dbd9ae81b6,81f7dd70-8a34-4d89-b097-01c124cdd41b,₹15000.0 debited to House Owner on 09-Nov-2025 20:19 via UPI Ref 8068463322,,House Owner,0.2109,AUTO
c210a1c9-8deb-43da-b441-bb608388339a,81f7dd70-8a34-4d89-b097-01c124cdd41b,₹1062.13 debited to Amazon on 04-Jan-2026 14:13 via UPI Ref 9675188723,,Amazon,0.2426,AUTO
23f7c2e6-7f84-436d-a18b-e192cf6a8d2d,81f7dd70-8a34-4d89-b097-01c124cdd41b,₹2082.0 debited to PokerStars on 21-Dec-2025 01:00 via UPI Ref 9473212334,,PokerStars,0.203,AUTO
a30e93b6-2064-4d3b-badf-ce303bd90cdf,81f7dd70-8a34-4d89-b097-01c124cdd41b,₹951.12 debited to Myntra on 19-Dec-2025 05:41 via UPI Ref 7445285926,,Myntra,0.2931,AUTO
86746c5a-dbe4-4310-b341-051c35231c46,81f7dd70-8a34-4d89-b097-01c124cdd41b,₹1362.54 debited to Amazon on 19-Dec-2025 14:31 via UPI Ref 9131342921,,Amazon,0.4074,AUTO
a8b6ba74-b36a-4d99-bc60-89fdae0216b6,81f7dd70-8a34-4d89-b097-01c124cdd41b,₹1343.96 debited to Water Supply on 14-Nov-2025 22:01 via UPI Ref 7701483726,,Water Supply,0.3398,AUTO
74246c93-1c5a-43e2-a522-e04566912b77,81f7dd70-8a34-4d89-b097-01c124cdd41b,₹1832.01 debited to Swiggy on 13-Jan-2026 21:36 via UPI Ref 8387222900,,Swiggy,0.3335,AUTO
77676bf8-82c5-491b-a590-81d049e4954d,81f7dd70-8a34-4d89-b097-01c124cdd41b,₹1514.06 debited to Zomato on 09-Feb-2026 06:54 via UPI Ref 4253356734,,Zomato,0.2591,AUTO
aa7366e8-8d89-449e-a009-78f65148f2ac,81f7dd70-8a34-4d89-b097-01c124cdd41b,₹15000.0 debited to House Owner on 15-Oct-2025 23:46 via UPI Ref 2509604193,,House Owner,0.1977,AUTO
4cf630fd-3923-43a6-b185-076b6da5386b,81f7dd70-8a34-4d89-b097-01c124cdd41b,₹1254.19 debited to Swiggy on 07-Nov-2025 10:49 via UPI Ref 6454935615,,Swiggy,0.3275,AUTO
2c42a202-8357-479c-b56c-f23f5a2f86d5,81f7dd70-8a34-4d89-b097-01c124cdd41b,₹471.52 debited to Uber on 31-Dec-2025 14:50 via UPI Ref 1030274286,,Uber,0.2947,AUTO
a272a94a-81b3-48ff-9260-aa6f16f58bbb,81f7dd70-8a34-4d89-b097-01c124cdd41b,₹997.8 debited to Amazon on 12-Oct-2025 17:00 via UPI Ref 7335650357,,Amazon,0.4638,AUTO
c22a1bef-78b4-4dd4-8249-da701e4b6068,81f7dd70-8a34-4d89-b097-01c124cdd41b,₹1516.64 debited to Amazon on 15-Sep-2025 09:49 via UPI Ref 5013130449,,Amazon,0.3487,AUTO
d958e972-b9c8-4a8e-9a7b-a286bb8f4ebf,81f7dd70-8a34-4d89-b097-01c124cdd41b,₹1120.57 debited to Zomato on 29-Nov-2025 11:26 via UPI Ref 5108845819,,Zomato,0.3809,AUTO
92d1f5f6-5690-4292-963f-2f775c77591c,81f7dd70-8a34-4d89-b097-01c124cdd41b,₹794.17 debited to Amazon on 08-Dec-2025 07:37 via UPI Ref 3180030377,,Amazon,0.2757,AUTO
97341499-d089-4642-9d4c-6b6c32fc84d1,81f7dd70-8a34-4d89-b097-01c124cdd41b,₹98.34 debited to Spotify on 07-Jan-2026 05:16 via UPI Ref 3010132799,,Spotify,0.4635,AUTO
360785a5-05dc-453d-971b-af8124e5d9f3,81f7dd70-8a34-4d89-b097-01c124cdd41b,₹1395.86 debited to Flipkart on 25-Oct-2025 21:54 via UPI Ref 5198497048,,Flipkart,0.2677,AUTO
6a62d821-9c03-44f9-acd9-32538684395f,81f7dd70-8a34-4d89-b097-01c124cdd41b,₹1201.55 debited to Swiggy on 28-Jan-2026 14:44 via UPI Ref 6540814110,,Swiggy,0.3465,AUTO
72f67a02-a701-4774-99de-de09c2d3e4a6,81f7dd70-8a34-4d89-b097-01c124cdd41b,₹829.63 debited to Amazon on 10-Dec-2025 18:12 via UPI Ref 5046886933,,Amazon,0.3241,AUTO
2d3f76ae-6fd9-466b-8475-f972967e67c2,81f7dd70-8a34-4d89-b097-01c124cdd41b,₹806.17 debited to Zomato on 30-Sep-2025 05:56 via UPI Ref 1766505206,,Zomato,0.3844,AUTO
af88d66e-4db9-483e-887b-0482459bc9be,81f7dd70-8a34-4d89-b097-01c124cdd41b,₹1607.42 debited to McDonalds on 14-Jan-2026 23:20 via UPI Ref 3003008136,,McDonalds,0.1826,AUTO
24bd20aa-8a01-4197-b99f-8e40b614a08e,81f7dd70-8a34-4d89-b097-01c124cdd41b,₹525.47 debited to Uber on 01-Feb-2026 15:14 via UPI Ref 3400624514,,Uber,0.277,AUTO
84d82dc2-8d28-4635-b4f8-e904977bff5b,81f7dd70-8a34-4d89-b097-01c124cdd41b,₹1523.49 debited to Uber on 07-Nov-2025 18:53 via UPI Ref 9786314858,,Uber,0.272,AUTO
f195f841-35ce-4db1-a226-49f6aaa248bb,81f7dd70-8a34-4d89-b097-01c124cdd41b,₹1059.94 debited to BigBasket on 19-Jan-2026 05:47 via UPI Ref 4433335297,,BigBasket,0.259,AUTO
9cbe666c-703c-4e11-9939-7143544354ab,81f7dd70-8a34-4d89-b097-01c124cdd41b,₹88.3 debited to Dominos on 31-Aug-2025 12:36 via UPI Ref 3611217522,,Dominos,0.2575,AUTO
17a263bf-b2ff-452f-bb30-929c8c2d8a20,81f7dd70-8a34-4d89-b097-01c124cdd41b,₹614.15 debited to BookMyShow on 17-Jan-2026 12:07 via UPI Ref 1134732064,,BookMyShow,0.176,AUTO
62e0d536-be6a-4b54-a8bd-852981c683e7,81f7dd70-8a34-4d89-b097-01c124cdd41b,₹419.5 debited to DMart on 06-Feb-2026 22:45 via UPI Ref 8004222564,,DMart,0.1549,AUTO
62da3e3b-e0b2-4db7-84ec-be0d9f291160,81f7dd70-8a34-4d89-b097-01c124cdd41b,₹258.71 debited to Swiggy on 08-Feb-2026 01:05 via UPI Ref 8731306358,,Swiggy,0.318,AUTO
ba3cac39-2e10-458a-86b5-b69faf195da0,81f7dd70-8a34-4d89-b097-01c124cdd41b,₹485.64 debited to Airtel on 17-Aug-2025 03:23 via UPI Ref 8115112530,,Airtel,0.3152,AUTO
7fdbbe7f-acc3-444c-b635-783959a353b7,81f7dd70-8a34-4d89-b097-01c124cdd41b,₹423.91 debited to Airtel on 25-Oct-2025 11:38 via UPI Ref 4597610372,,Airtel,0.3443,AUTO
a187c1b0-d406-4aea-b4fa-812234c0ddff,81f7dd70-8a34-4d89-b097-01c124cdd41b,₹571.94 debited to Electricity Board on 20-Jan-2026 18:42 via UPI Ref 8064529515,,Electricity Board,0.2746,AUTO
09ae73b3-5453-4eba-89e5-4b984f941d7b,81f7dd70-8a34-4d89-b097-01c124cdd41b,₹1577.25 debited to DMart on 23-Oct-2025 18:49 via UPI Ref 6048101811,,DMart,0.1907,AUTO
b05b7e63-c4a3-4d84-a841-a5c30dc91d0b,81f7dd70-8a34-4d89-b097-01c124cdd41b,₹1369.21 debited to DMart on 29-Oct-2025 23:21 via UPI Ref 8704859004,,DMart,0.2234,AUTO
34bab431-80e9-4964-9e35-affe0b48a7ba,81f7dd70-8a34-4d89-b097-01c124cdd41b,₹78565.31 credited to Company Payroll on 25-Aug-2025 06:53 via UPI Ref 6216446357,,Company Payroll,0.1862,AUTO
9c98d951-95cd-4368-bb04-8d45cb524abe,81f7dd70-8a34-4d89-b097-01c124cdd41b,₹339.35 debited to Myntra on 31-Aug-2025 21:00 via UPI Ref 6152284549,,Myntra,0.2771,AUTO
63eda205-acde-476e-a581-11082318b597,81f7dd70-8a34-4d89-b097-01c124cdd41b,₹404.05 debited to Zomato on 24-Dec-2025 21:10 via UPI Ref 2749500229,,Zomato,0.3914,AUTO
32f76a73-7943-4e5b-afef-d99913907a17,81f7dd70-8a34-4d89-b097-01c124cdd41b,₹1658.42 debited to DMart on 12-Nov-2025 06:22 via UPI Ref 2445297341,,DMart,0.1684,AUTO
0bbd1432-f951-4791-a900-f3ce4e4c5da8,81f7dd70-8a34-4d89-b097-01c124cdd41b,₹1392.37 debited to Rapido on 13-Dec-2025 08:14 via UPI Ref 2518014847,,Rapido,0.2872,AUTO
658bd6c8-1a15-4db3-b8f4-8ce64fd72de9,81f7dd70-8a34-4d89-b097-01c124cdd41b,₹904.36 debited to Ola on 22-Nov-2025 02:37 via UPI Ref 9843453150,,Ola,0.2578,AUTO
4c37d7d0-c598-4041-a7b8-68a7b793c762,81f7dd70-8a34-4d89-b097-01c124cdd41b,₹906.84 debited to McDonalds on 24-Jan-2026 06:32 via UPI Ref 6969012226,,McDonalds,0.1485,AUTO
fa3f95c9-f567-45a9-8f01-5ff0f3897de3,81f7dd70-8a34-4d89-b097-01c124cdd41b,₹15000.0 debited to House Owner on 07-Oct-2025 07:22 via UPI Ref 3105411520,,House Owner,0.1646,AUTO
831c8445-1107-4358-8288-0ca54099bc31,81f7dd70-8a34-4d89-b097-01c124cdd41b,₹15000.0 debited to House Owner on 30-Nov-2025 07:19 via UPI Ref 5868604053,,House Owner,0.1949,AUTO
36f47d6c-962b-490f-92e2-f3dc35d12b7c,81f7dd70-8a34-4d89-b097-01c124cdd41b,₹214.03 debited to Hospital XYZ on 29-Sep-2025 09:39 via UPI Ref 4139106278,,Hospital XYZ,0.3229,AUTO
713c0441-3520-47fd-81b7-711ccafbabb3,81f7dd70-8a34-4d89-b097-01c124cdd41b,₹372.76 debited to Swiggy on 07-Dec-2025 19:20 via UPI Ref 4301903001,,Swiggy,0.3104,AUTO
a850d55b-b495-46e9-aed6-14de563f9f45,81f7dd70-8a34-4d89-b097-01c124cdd41b,₹218.92 debited to Myntra on 01-Feb-2026 16:03 via UPI Ref 9056916417,,Myntra,0.2098,AUTO
09081bf6-af3e-4fcf-818d-47f1fcbf8e50,81f7dd70-8a34-4d89-b097-01c124cdd41b,₹828.12 debited to BookMyShow on 06-Jan-2026 00:05 via UPI Ref 2928950037,,BookMyShow,0.1849,AUTO
dffa05d5-7521-4683-b1b2-ae65a02240fc,81f7dd70-8a34-4d89-b097-01c124cdd41b,₹73920.53 credited to Company Payroll on 12-Jan-2026 13:14 via UPI Ref 6413664921,,Company Payroll,0.1642,AUTO
aa649279-fa6f-4fb0-8e73-3fe2d5bac51f,81f7dd70-8a34-4d89-b097-01c124cdd41b,₹876.34 debited to Amazon on 27-Jan-2026 19:20 via UPI Ref 2651470840,,Amazon,0.4143,AUTO
d5e2622e-8b30-442d-8b26-aa9d408707bf,81f7dd70-8a34-4d89-b097-01c124cdd41b,₹308.21 debited to Electricity Board on 18-Sep-2025 19:12 via UPI Ref 8790982190,,Electricity Board,0.303,AUTO
a8bb393d-b973-4f56-bf67-1248527f1d44,81f7dd70-8a34-4d89-b097-01c124cdd41b,₹428.33 debited to DMart on 04-Feb-2026 09:45 via UPI Ref 5758927123,,DMart,0.1797,AUTO
8384e0f4-cbb3-4c6f-9962-0e72c95f3c11,81f7dd70-8a34-4d89-b097-01c124cdd41b,₹15000.0 debited to House Owner on 17-Jan-2026 03:59 via UPI Ref 3028104784,,House Owner,0.1787,AUTO
71be6c96-d08b-4521-9796-7d51721fd01e,81f7dd70-8a34-4d89-b097-01c124cdd41b,₹1506.97 debited to DMart on 09-Feb-2026 21:05 via UPI Ref 1177183606,,DMart,0.178,AUTO
2fea441c-ed46-429e-9bb8-a7fe0a6144a4,81f7dd70-8a34-4d89-b097-01c124cdd41b,₹4897.16 debited to Bet365 on 16-Nov-2025 20:01 via UPI Ref 3149374876,,Bet365,0.1991,AUTO
77abb1e8-8566-48a0-b167-47e02ac4f2c6,81f7dd70-8a34-4d89-b097-01c124cdd41b,₹42206.64 credited to Company Payroll on 12-Oct-2025 21:21 via UPI Ref 8656314222,,Company Payroll,0.1883,AUTO
b5c5d94e-9010-4db4-9bb8-237197390351,81f7dd70-8a34-4d89-b097-01c124cdd41b,₹360.27 debited to Dominos on 01-Oct-2025 16:49 via UPI Ref 2455725834,,Dominos,0.2354,AUTO
ec57dbbc-1049-4070-82ef-12c57d2c5e22,81f7dd70-8a34-4d89-b097-01c124cdd41b,₹2866.83 debited to PokerStars on 17-Aug-2025 23:11 via UPI Ref 9112039767,,PokerStars,0.1824,AUTO
3dc701f0-cb0a-4789-b9a8-8876d8237dec,81f7dd70-8a34-4d89-b097-01c124cdd41b,₹958.18 debited to DMart on 29-Oct-2025 10:16 via UPI Ref 2465281760,,DMart,0.2236,AUTO
ea76f95a-60e8-4fa4-938e-5c1b125e9f97,81f7dd70-8a34-4d89-b097-01c124cdd41b,₹30480.04 credited to Company Payroll on 20-Oct-2025 01:30 via UPI Ref 2659888895,,Company Payroll,0.2041,AUTO
9018193b-586d-441f-ac94-157342852e8e,81f7dd70-8a34-4d89-b097-01c124cdd41b,₹15000.0 debited to House Owner on 26-Dec-2025 13:13 via UPI Ref 7811984149,,House Owner,0.1885,AUTO
5440baf1-7f35-48ad-b7c1-01a34a8ad021,81f7dd70-8a34-4d89-b097-01c124cdd41b,₹1778.32 debited to Zomato on 09-Sep-2025 23:58 via UPI Ref 2395081698,,Zomato,0.3566,AUTO
6ea4e419-9049-46cd-8469-bd1b1650337b,81f7dd70-8a34-4d89-b097-01c124cdd41b,₹1194.41 debited to Uber on 09-Sep-2025 15:49 via UPI Ref 3599451199,,Uber,0.3011,AUTO
bcc97e86-abee-4124-a760-e51e6efc6dfd,81f7dd70-8a34-4d89-b097-01c124cdd41b,₹15000.0 debited to House Owner on 13-Dec-2025 22:31 via UPI Ref 8245669960,,House Owner,0.1524,AUTO
f84dee48-7aaa-4ab7-969c-41098244b02f,81f7dd70-8a34-4d89-b097-01c124cdd41b,₹1555.64 debited to BookMyShow on 01-Feb-2026 01:33 via UPI Ref 8997618191,,BookMyShow,0.1835,AUTO
74ac9852-7905-4c6d-8386-919dacea69a0,81f7dd70-8a34-4d89-b097-01c124cdd41b,₹1830.83 debited to Myntra on 14-Oct-2025 10:44 via UPI Ref 1330641480,,Myntra,0.2709,AUTO
a42baa9c-2555-4c8b-9f3e-33013dfcbdcb,81f7dd70-8a34-4d89-b097-01c124cdd41b,₹1921.28 debited to Dominos on 23-Sep-2025 18:53 via UPI Ref 1768272403,,Dominos,0.2683,AUTO
814f5bf8-2c60-4812-acb4-f1ad8bc972b5,81f7dd70-8a34-4d89-b097-01c124cdd41b,₹56.9 debited to Electricity Board on 06-Feb-2026 08:32 via UPI Ref 7762965067,,Electricity Board,0.3354,AUTO
e1010721-e47f-47c1-a7ba-fe8a82792dc5,81f7dd70-8a34-4d89-b097-01c124cdd41b,₹1438.67 debited to Netflix on 06-Jan-2026 06:51 via UPI Ref 4887334140,,Netflix,0.215,AUTO
8b881393-6cd6-4a34-aa75-cd9d7abefbe6,81f7dd70-8a34-4d89-b097-01c124cdd41b,₹775.71 debited to Myntra on 30-Nov-2025 18:51 via UPI Ref 3351542594,,Myntra,0.1822,AUTO
dad74db0-c424-467e-93b5-6b6152221776,81f7dd70-8a34-4d89-b097-01c124cdd41b,₹1219.83 debited to McDonalds on 07-Oct-2025 01:13 via UPI Ref 7532580731,,McDonalds,0.206,AUTO
6ee15038-44a3-444a-b1dc-a6f7cddd3e4a,81f7dd70-8a34-4d89-b097-01c124cdd41b,₹15000.0 debited to House Owner on 05-Jan-2026 01:05 via UPI Ref 5458661972,,House Owner,0.1904,AUTO
1d4a5efc-ecd8-41c8-b50a-c92936ecb1a4,81f7dd70-8a34-4d89-b097-01c124cdd41b,₹150.25 debited to BookMyShow on 05-Sep-2025 12:27 via UPI Ref 8359455760,,BookMyShow,0.1796,AUTO
dc7937ba-612f-43f6-aba9-3dd4f799de63,81f7dd70-8a34-4d89-b097-01c124cdd41b,₹15000.0 debited to House Owner on 10-Feb-2026 13:53 via UPI Ref 9392059119,,House Owner,0.1571,AUTO
778d0ef5-dc7f-402b-bb57-07b3b371fb2b,81f7dd70-8a34-4d89-b097-01c124cdd41b,₹1041.89 debited to McDonalds on 19-Jan-2026 13:19 via UPI Ref 6771615689,,McDonalds,0.2017,AUTO
4dc31e65-26b9-45ef-9a06-b517f622e09b,81f7dd70-8a34-4d89-b097-01c124cdd41b,₹664.48 debited to Uber on 23-Sep-2025 05:00 via UPI Ref 8677250233,,Uber,0.3384,AUTO
49815008-33e6-4401-8727-be605a72767e,81f7dd70-8a34-4d89-b097-01c124cdd41b,₹996.43 debited to Amazon on 31-Aug-2025 10:19 via UPI Ref 8554494856,,Amazon,0.3916,AUTO
48891912-844d-4992-80bc-900289698d12,81f7dd70-8a34-4d89-b097-01c124cdd41b,₹1929.84 debited to Swiggy on 15-Nov-2025 07:28 via UPI Ref 1579072483,,Swiggy,0.2828,AUTO
42020ee2-3934-4fa1-84ed-81dc0943a08a,81f7dd70-8a34-4d89-b097-01c124cdd41b,₹1993.49 debited to McDonalds on 27-Jan-2026 07:14 via UPI Ref 3076850251,,McDonalds,0.1846,AUTO
9b58b433-d00b-441c-ad02-191b8a0c0b16,81f7dd70-8a34-4d89-b097-01c124cdd41b,₹1211.85 debited to Spotify on 27-Sep-2025 15:43 via UPI Ref 3248391963,,Spotify,0.3898,AUTO
55c2f20a-2361-41b8-b5e9-0c67ad6d821f,81f7dd70-8a34-4d89-b097-01c124cdd41b,₹223.27 debited to Dominos on 30-Jan-2026 10:54 via UPI Ref 4826469207,,Dominos,0.264,AUTO
11105f5d-181e-4939-bd19-dcef866db0cd,81f7dd70-8a34-4d89-b097-01c124cdd41b,₹212.78 debited to Electricity Board on 04-Nov-2025 02:44 via UPI Ref 6644834164,,Electricity Board,0.3495,AUTO
0d9484d9-ff11-4b33-b85c-f779638a4804,81f7dd70-8a34-4d89-b097-01c124cdd41b,₹1358.96 debited to Airtel on 09-Sep-2025 15:12 via UPI Ref 6179325848,,Airtel,0.3862,AUTO
de5a7efb-d433-4040-8600-09178162ee1a,81f7dd70-8a34-4d89-b097-01c124cdd41b,₹1363.44 debited to Airtel on 27-Nov-2025 08:24 via UPI Ref 7416532051,,Airtel,0.4264,AUTO
17c6c6cb-010b-4e33-b308-a3fa2934e66a,81f7dd70-8a34-4d89-b097-01c124cdd41b,₹1913.0 debited to Zomato on 28-Jan-2026 23:12 via UPI Ref 9450846898,,Zomato,0.4366,AUTO
d1088aea-c925-46f3-9122-9ebc82bd83cb,81f7dd70-8a34-4d89-b097-01c124cdd41b,₹433.96 debited to Dominos on 19-Dec-2025 10:46 via UPI Ref 8763878352,,Dominos,0.3148,AUTO
4caf82c8-c690-40f8-a513-29ac45f60e79,81f7dd70-8a34-4d89-b097-01c124cdd41b,₹245.35 debited to Uber on 08-Feb-2026 21:10 via UPI Ref 8286942747,,Uber,0.4031,AUTO
a3327a77-d32c-4065-b6dd-6dacdb3f3b10,81f7dd70-8a34-4d89-b097-01c124cdd41b,₹855.57 debited to BookMyShow on 24-Oct-2025 10:36 via UPI Ref 1174808689,,BookMyShow,0.1947,AUTO
821057d5-f966-42cc-a8ac-c3d1acc19277,81f7dd70-8a34-4d89-b097-01c124cdd41b,₹1795.35 debited to Ola on 19-Dec-2025 08:25 via UPI Ref 7274765508,,Ola,0.3071,AUTO
2eee85e7-04f2-42b1-8e04-6ec9be5630ad,81f7dd70-8a34-4d89-b097-01c124cdd41b,₹1896.81 debited to Netflix on 30-Oct-2025 12:07 via UPI Ref 3270188290,,Netflix,0.321,AUTO
4efd71d2-47bf-4d17-96a8-2e5a92ffc154,81f7dd70-8a34-4d89-b097-01c124cdd41b,₹379.61 debited to Myntra on 19-Aug-2025 01:58 via UPI Ref 4356779231,,Myntra,0.2905,AUTO
7c5e6a15-d278-4f40-9cdd-c32085998043,81f7dd70-8a34-4d89-b097-01c124cdd41b,₹671.19 debited to Jio on 26-Jan-2026 22:15 via UPI Ref 7316081017,,Jio,0.2381,AUTO
308d06b2-d9f4-4af7-bf9f-623594288b76,81f7dd70-8a34-4d89-b097-01c124cdd41b,₹1038.65 debited to Netflix on 15-Dec-2025 14:59 via UPI Ref 1125950208,,Netflix,0.3309,AUTO
7065ee89-4329-485a-b08a-1a4f6b8683ab,81f7dd70-8a34-4d89-b097-01c124cdd41b,₹31318.07 credited to Company Payroll on 29-Dec-2025 02:24 via UPI Ref 9420257787,,Company Payroll,0.1686,AUTO
fa93d9b7-3abc-41c1-92a9-73e5dea3c297,81f7dd70-8a34-4d89-b097-01c124cdd41b,₹689.15 debited to BigBasket on 23-Aug-2025 14:48 via UPI Ref 3066562936,,BigBasket,0.1869,AUTO
9d93e176-c047-45c1-a872-1e643a43f831,81f7dd70-8a34-4d89-b097-01c124cdd41b,₹1107.46 debited to BigBasket on 29-Nov-2025 12:24 via UPI Ref 1603710390,,BigBasket,0.1712,AUTO
8020092d-9776-4966-9d54-f90590ad3b30,81f7dd70-8a34-4d89-b097-01c124cdd41b,₹1883.83 debited to Swiggy on 12-Jan-2026 08:58 via UPI Ref 3036132092,,Swiggy,0.336,AUTO
d820bbd8-aa3e-4c68-81c7-8f1f29797314,81f7dd70-8a34-4d89-b097-01c124cdd41b,₹627.22 debited to Amazon on 04-Feb-2026 06:18 via UPI Ref 7627438286,,Amazon,0.2471,AUTO
10406c6b-f020-4083-8b10-2306708e1aa8,81f7dd70-8a34-4d89-b097-01c124cdd41b,₹1473.61 debited to MedPlus on 21-Dec-2025 15:51 via UPI Ref 2154100778,,MedPlus,0.1995,AUTO
33a3ec49-c9db-448a-951e-a0cd8e6b7ef6,81f7dd70-8a34-4d89-b097-01c124cdd41b,₹280.53 debited to Water Supply on 17-Jan-2026 01:43 via UPI Ref 2035679635,,Water Supply,0.2617,AUTO
76226006-047f-4766-948c-a325b3dd80e7,81f7dd70-8a34-4d89-b097-01c124cdd41b,₹1225.12 debited to Reliance Fresh on 24-Sep-2025 05:19 via UPI Ref 5414231906,,Reliance Fresh,0.1748,AUTO
e6c55bf6-6ae3-4410-95db-782d38537dfa,81f7dd70-8a34-4d89-b097-01c124cdd41b,₹1712.22 debited to Zomato on 31-Aug-2025 03:20 via UPI Ref 9124897563,,Zomato,0.3209,AUTO
64f94817-1921-4638-99ab-01d442916726,81f7dd70-8a34-4d89-b097-01c124cdd41b,₹526.67 debited to Dominos on 26-Nov-2025 23:50 via UPI Ref 6103849340,,Dominos,0.3578,AUTO
a575cae9-6c3c-4532-b15c-24f5f1a3f3e7,81f7dd70-8a34-4d89-b097-01c124cdd41b,₹1554.26 debited to Uber on 10-Nov-2025 04:13 via UPI Ref 8839014822,,Uber,0.3847,AUTO
13b9b7c0-2dcb-4260-ab94-067550bd4862,81f7dd70-8a34-4d89-b097-01c124cdd41b,₹4752.47 debited to Bet365 on 07-Dec-2025 14:39 via UPI Ref 9936939696,,Bet365,0.2011,AUTO
c144ca15-3b9c-4d06-8ad1-68af73ce0df9,81f7dd70-8a34-4d89-b097-01c124cdd41b,₹1810.49 debited to Ola on 01-Nov-2025 15:38 via UPI Ref 6980977776,,Ola,0.2357,AUTO
91d4e393-cadf-44d4-808e-2c3d5afdeecd,81f7dd70-8a34-4d89-b097-01c124cdd41b,₹1869.58 debited to Amazon on 09-Feb-2026 02:14 via UPI Ref 9300256117,,Amazon,0.3583,AUTO
32164191-ff54-4e1c-97a2-308853540d6c,81f7dd70-8a34-4d89-b097-01c124cdd41b,₹1631.57 debited to Amazon on 30-Sep-2025 07:20 via UPI Ref 7300083367,,Amazon,0.3937,AUTO
80cb680c-eb45-4aa0-8a99-64656b5403c5,81f7dd70-8a34-4d89-b097-01c124cdd41b,₹1426.26 debited to Reliance Fresh on 03-Oct-2025 08:45 via UPI Ref 2794157112,,Reliance Fresh,0.1602,AUTO
e9edd8c0-0272-499e-93e7-b575474ec0f4,81f7dd70-8a34-4d89-b097-01c124cdd41b,₹77434.37 credited to Company Payroll on 24-Sep-2025 02:41 via UPI Ref 3606352304,,Company Payroll,0.2125,AUTO
9e7ed878-001f-4a5d-87c7-c7fcc9e5739b,81f7dd70-8a34-4d89-b097-01c124cdd41b,₹1711.27 debited to Airtel on 11-Sep-2025 06:46 via UPI Ref 6015944887,,Airtel,0.3147,AUTO
ccd56c96-1b17-4312-9482-24c78af5fa54,81f7dd70-8a34-4d89-b097-01c124cdd41b,₹485.84 debited to Jio on 16-Jan-2026 10:28 via UPI Ref 8917766924,,Jio,0.2871,AUTO
eba374cc-35e8-41dc-a57e-d4cdfdc9f401,81f7dd70-8a34-4d89-b097-01c124cdd41b,₹1223.62 debited to McDonalds on 25-Dec-2025 13:27 via UPI Ref 1063472408,,McDonalds,0.1932,AUTO
bceaf351-9173-4d88-ad2e-2395a6980ae0,81f7dd70-8a34-4d89-b097-01c124cdd41b,₹2020.09 debited to Bet365 on 13-Sep-2025 00:14 via UPI Ref 3175327166,,Bet365,0.1385,AUTO
e42da58d-0f36-405f-b160-35593b79bab7,81f7dd70-8a34-4d89-b097-01c124cdd41b,₹83.2 debited to McDonalds on 25-Sep-2025 01:23 via UPI Ref 3560610437,,McDonalds,0.1654,AUTO
f1f2dc00-ccf9-4d3d-a147-32962683b586,81f7dd70-8a34-4d89-b097-01c124cdd41b,₹1582.75 debited to Rapido on 05-Jan-2026 17:06 via UPI Ref 8960505962,,Rapido,0.3741,AUTO
9b4b8b90-6ebe-4828-8447-10c97c2697c7,81f7dd70-8a34-4d89-b097-01c124cdd41b,₹1052.15 debited to Netflix on 16-Jan-2026 10:10 via UPI Ref 8878397552,,Netflix,0.43,AUTO
176cc968-c556-493b-b307-a157589d1c7a,81f7dd70-8a34-4d89-b097-01c124cdd41b,₹2556.66 debited to Bet365 on 01-Jan-2026 15:31 via UPI Ref 2034024500,,Bet365,0.1701,AUTO
8e23aab0-07be-421f-a99e-47764efa8c2e,81f7dd70-8a34-4d89-b097-01c124cdd41b,₹1838.76 debited to Jio on 07-Nov-2025 16:32 via UPI Ref 4401892064,,Jio,0.3075,AUTO
b9356a45-b30a-4d86-be78-7d8c4145d6f8,81f7dd70-8a34-4d89-b097-01c124cdd41b,₹396.71 debited to Zomato on 27-Aug-2025 06:56 via UPI Ref 1946074562,,Zomato,0.3216,AUTO
ae305df1-ab33-4323-8811-5efae61223c6,81f7dd70-8a34-4d89-b097-01c124cdd41b,₹99.58 debited to Myntra on 08-Jan-2026 06:54 via UPI Ref 7988833597,,Myntra,0.212,AUTO
875733a1-35f8-4829-9c0d-89feb341b83c,81f7dd70-8a34-4d89-b097-01c124cdd41b,₹937.3 debited to Apollo Pharmacy on 16-Aug-2025 07:24 via UPI Ref 6471074600,,Apollo Pharmacy,0.4585,AUTO
4796bd7f-5ad4-4b44-9b7e-1858a56611ce,81f7dd70-8a34-4d89-b097-01c124cdd41b,₹1138.74 debited to BookMyShow on 16-Nov-2025 07:16 via UPI Ref 9972005734,,BookMyShow,0.1686,AUTO
7861029f-79a9-42a8-bdee-71f553190f75,81f7dd70-8a34-4d89-b097-01c124cdd41b,₹1085.24 debited to Electricity Board on 16-Dec-2025 16:14 via UPI Ref 3716074337,,Electricity Board,0.2495,AUTO
dc2b89b2-7ec0-4c03-bc9a-5ed710e61424,81f7dd70-8a34-4d89-b097-01c124cdd41b,₹852.75 debited to Dominos on 03-Jan-2026 09:31 via UPI Ref 6389999952,,Dominos,0.2118,AUTO
f7156465-1c3a-4081-a4e6-e33fec87484b,81f7dd70-8a34-4d89-b097-01c124cdd41b,₹15000.0 debited to House Owner on 07-Jan-2026 00:19 via UPI Ref 7712672972,,House Owner,0.1949,AUTO
91e06a7b-cf9b-4ea5-a743-9bf0b843e393,81f7dd70-8a34-4d89-b097-01c124cdd41b,₹423.74 debited to Flipkart on 30-Oct-2025 19:57 via UPI Ref 9979814132,,Flipkart,0.4044,AUTO
b7ec9148-22ab-4474-a4d0-908597fc9797,81f7dd70-8a34-4d89-b097-01c124cdd41b,₹869.63 debited to Myntra on 19-Jan-2026 08:01 via UPI Ref 2706606223,,Myntra,0.2574,AUTO
ed562a7c-cca9-43e7-aa35-e29ac445a2cc,81f7dd70-8a34-4d89-b097-01c124cdd41b,₹445.32 debited to Myntra on 27-Jan-2026 07:18 via UPI Ref 7363356488,,Myntra,0.229,AUTO
ec529cb3-33f3-4d26-8030-fe0c45eb0d83,81f7dd70-8a34-4d89-b097-01c124cdd41b,₹421.81 debited to Uber on 27-Dec-2025 18:31 via UPI Ref 3289985947,,Uber,0.2611,AUTO
fdcf4300-8299-4216-acfe-a9083ccdc893,81f7dd70-8a34-4d89-b097-01c124cdd41b,₹1811.74 debited to Apollo Pharmacy on 24-Dec-2025 07:06 via UPI Ref 8131320839,,Apollo Pharmacy,0.3177,AUTO
a7e67686-ebf4-45d0-85fd-039ec6824534,81f7dd70-8a34-4d89-b097-01c124cdd41b,₹680.64 debited to DMart on 17-Oct-2025 19:57 via UPI Ref 7078245684,,DMart,0.1652,AUTO
d7699212-c854-469b-a55b-cce9763f2436,81f7dd70-8a34-4d89-b097-01c124cdd41b,₹15000.0 debited to House Owner on 30-Nov-2025 02:59 via UPI Ref 5982830121,,House Owner,0.162,AUTO
d5ac74a5-f92b-4af9-b959-1a06bf4295bf,81f7dd70-8a34-4d89-b097-01c124cdd41b,₹208.49 debited to Dominos on 02-Sep-2025 01:14 via UPI Ref 2409334807,,Dominos,0.276,AUTO
2e9a9d07-905b-4061-b85d-93e952d67736,81f7dd70-8a34-4d89-b097-01c124cdd41b,₹1264.34 debited to Myntra on 22-Sep-2025 06:14 via UPI Ref 1404497168,,Myntra,0.2482,AUTO
8426b5ba-a44f-49bc-8c30-760d11fb819d,81f7dd70-8a34-4d89-b097-01c124cdd41b,₹99.1 debited to Hospital XYZ on 26-Dec-2025 16:29 via UPI Ref 6386071442,,Hospital XYZ,0.3399,AUTO
1aa01bb3-d118-4db1-8fb6-d5e6ad386c94,81f7dd70-8a34-4d89-b097-01c124cdd41b,₹485.96 debited to Swiggy on 21-Dec-2025 21:28 via UPI Ref 9462946963,,Swiggy,0.2127,AUTO
5b8a26e7-c03b-414b-bc65-98c5598dcbb4,81f7dd70-8a34-4d89-b097-01c124cdd41b,₹618.86 debited to McDonalds on 25-Jan-2026 13:35 via UPI Ref 2145277262,,McDonalds,0.1654,AUTO
f66226d2-baae-49cb-9d9b-94a1ec31c238,81f7dd70-8a34-4d89-b097-01c124cdd41b,₹1662.32 debited to Reliance Fresh on 25-Sep-2025 04:12 via UPI Ref 2622908519,,Reliance Fresh,0.1452,AUTO
e07b0407-2837-43b8-a261-401e7b8358d8,81f7dd70-8a34-4d89-b097-01c124cdd41b,₹1820.55 debited to Dominos on 26-Jan-2026 22:34 via UPI Ref 6233671583,,Dominos,0.339,AUTO
33227f17-c923-4c5f-98fe-f1242387c6a7,81f7dd70-8a34-4d89-b097-01c124cdd41b,₹15000.0 debited to House Owner on 20-Sep-2025 08:29 via UPI Ref 4399589412,,House Owner,0.1562,AUTO
ac350d65-0180-4634-9023-ac6fb0ec9f06,81f7dd70-8a34-4d89-b097-01c124cdd41b,₹1524.04 debited to BookMyShow on 12-Oct-2025 13:36 via UPI Ref 7541757684,,BookMyShow,0.2135,AUTO
7b439909-2a29-4488-a678-ecf878b81138,81f7dd70-8a34-4d89-b097-01c124cdd41b,₹769.6 debited to Myntra on 09-Jan-2026 19:52 via UPI Ref 8403143473,,Myntra,0.3673,AUTO
89b9399a-edc2-4468-ade5-8cc855a7d092,81f7dd70-8a34-4d89-b097-01c124cdd41b,₹1170.37 debited to PokerStars on 19-Nov-2025 10:55 via UPI Ref 4333118767,,PokerStars,0.1918,AUTO
a31c5ed0-ee8e-46f3-92ee-f0dad23fddb4,81f7dd70-8a34-4d89-b097-01c124cdd41b,₹327.14 debited to Spotify on 03-Sep-2025 11:04 via UPI Ref 6728492159,,Spotify,0.3302,AUTO
60e3d9c1-fe6d-41b5-ae26-00d4ea44cbab,81f7dd70-8a34-4d89-b097-01c124cdd41b,₹548.89 debited to Hospital XYZ on 05-Oct-2025 17:16 via UPI Ref 6205647889,,Hospital XYZ,0.2597,AUTO
dcfe50e4-a87b-4a71-8ff8-0f42af5051dd,81f7dd70-8a34-4d89-b097-01c124cdd41b,₹848.85 debited to Reliance Fresh on 25-Dec-2025 22:20 via UPI Ref 2891155878,,Reliance Fresh,0.1511,AUTO
dd808d1a-2873-466a-b575-d7308bb4a64a,81f7dd70-8a34-4d89-b097-01c124cdd41b,₹1172.79 debited to Zomato on 19-Nov-2025 09:08 via UPI Ref 9178812652,,Zomato,0.3428,AUTO
851ceb2d-5f10-441a-9b74-975a95f7a5da,81f7dd70-8a34-4d89-b097-01c124cdd41b,₹1589.7 debited to Myntra on 14-Jan-2026 06:58 via UPI Ref 8714663523,,Myntra,0.2948,AUTO
0e0f8966-d41e-4fcf-9a99-d3e0b245433c,81f7dd70-8a34-4d89-b097-01c124cdd41b,₹68206.36 credited to Company Payroll on 03-Feb-2026 19:32 via UPI Ref 3444073483,,Company Payroll,0.1836,AUTO
8b940960-542a-48c8-95a8-cf46e0e54355,81f7dd70-8a34-4d89-b097-01c124cdd41b,₹1600.45 debited to Netflix on 02-Dec-2025 16:44 via UPI Ref 7903887598,,Netflix,0.2753,AUTO
88257ebf-b2e2-4d29-8b6c-d81fc5feed10,81f7dd70-8a34-4d89-b097-01c124cdd41b,₹214.1 debited to Amazon on 20-Dec-2025 18:39 via UPI Ref 5231036913,,Amazon,0.4017,AUTO
fd481d75-6f76-415d-a62c-473118693110,81f7dd70-8a34-4d89-b097-01c124cdd41b,₹1987.9 debited to Swiggy on 10-Jan-2026 22:48 via UPI Ref 5725607213,,Swiggy,0.363,AUTO
805770b2-d360-4623-8f6f-32dd2a6eeb56,81f7dd70-8a34-4d89-b097-01c124cdd41b,₹992.13 debited to Bet365 on 13-Dec-2025 05:42 via UPI Ref 1551405688,,Bet365,0.2065,AUTO
0ccad66d-0149-4d22-bdc2-cb3b93533101,81f7dd70-8a34-4d89-b097-01c124cdd41b,₹140.8 debited to BookMyShow on 15-Dec-2025 14:50 via UPI Ref 4670513170,,BookMyShow,0.1788,AUTO
27b3efbb-1d53-44c8-8055-1dbf90d972cc,81f7dd70-8a34-4d89-b097-01c124cdd41b,₹15000.0 debited to House Owner on 17-Sep-2025 11:28 via UPI Ref 1735180019,,House Owner,0.1734,AUTO
25ce1c18-ffa4-4edc-af5f-39c1b6fa07d7,81f7dd70-8a34-4d89-b097-01c124cdd41b,₹1656.31 debited to Netflix on 06-Sep-2025 04:23 via UPI Ref 8047419457,,Netflix,0.2674,AUTO
e706eefa-34e9-400b-954b-d1210af943f5,81f7dd70-8a34-4d89-b097-01c124cdd41b,₹467.46 debited to Ola on 24-Jan-2026 13:30 via UPI Ref 8716180716,,Ola,0.3836,AUTO
678773c3-c529-49e6-8b06-fa65531339c8,81f7dd70-8a34-4d89-b097-01c124cdd41b,₹503.56 debited to BigBasket on 04-Sep-2025 15:03 via UPI Ref 4774367900,,BigBasket,0.1767,AUTO
dd5ea4c8-4cd6-4590-8015-30c49c4d0a8d,81f7dd70-8a34-4d89-b097-01c124cdd41b,₹160.28 debited to Amazon on 06-Feb-2026 06:29 via UPI Ref 5404070485,,Amazon,0.3029,AUTO
78e5ee4e-70d2-44a3-a3de-6521a1392ff9,81f7dd70-8a34-4d89-b097-01c124cdd41b,₹461.68 debited to Jio on 30-Jan-2026 16:14 via UPI Ref 7051817718,,Jio,0.3683,AUTO
ec5c8640-76b4-4bbb-bac0-c0b7a1ee8c41,81f7dd70-8a34-4d89-b097-01c124cdd41b,₹1308.5 debited to BookMyShow on 11-Nov-2025 14:04 via UPI Ref 4755005462,,BookMyShow,0.1637,AUTO
22dffa5c-0714-4e60-a2fe-05e688148c57,81f7dd70-8a34-4d89-b097-01c124cdd41b,₹278.67 debited to McDonalds on 12-Oct-2025 07:29 via UPI Ref 6148234596,,McDonalds,0.1797,AUTO
addd27af-a378-4f86-8d85-e7b7c7cfe0cc,81f7dd70-8a34-4d89-b097-01c124cdd41b,₹1139.37 debited to Myntra on 05-Oct-2025 18:56 via UPI Ref 2008020725,,Myntra,0.2212,AUTO
ebf2e799-2db5-491a-961d-0681830b702d,81f7dd70-8a34-4d89-b097-01c124cdd41b,₹587.36 debited to Reliance Fresh on 14-Sep-2025 00:32 via UPI Ref 2067715701,,Reliance Fresh,0.1917,AUTO
c58b0394-0c5a-4ccf-af8e-bcd530022603,81f7dd70-8a34-4d89-b097-01c124cdd41b,₹1994.66 debited to Amazon on 03-Sep-2025 00:13 via UPI Ref 4935282964,,Amazon,0.3452,AUTO
bff8a893-67eb-438e-a65c-393a8a1cb03a,81f7dd70-8a34-4d89-b097-01c124cdd41b,₹259.21 debited to Dominos on 29-Nov-2025 14:28 via UPI Ref 3985314484,,Dominos,0.2271,AUTO
13e5d89e-e6fb-4c8e-99d4-d393a2c580b3,81f7dd70-8a34-4d89-b097-01c124cdd41b,₹15000.0 debited to House Owner on 11-Sep-2025 14:45 via UPI Ref 9679060841,,House Owner,0.1771,AUTO
b3da2dfe-44de-4a62-a723-b4893f284629,81f7dd70-8a34-4d89-b097-01c124cdd41b,₹629.73 debited to Zomato on 07-Feb-2026 11:20 via UPI Ref 2154327687,,Zomato,0.2768,AUTO
34670a6c-dd37-445d-afc8-43ae9a53382e,81f7dd70-8a34-4d89-b097-01c124cdd41b,₹420.44 debited to Swiggy on 16-Oct-2025 13:10 via UPI Ref 7268346829,,Swiggy,0.3417,AUTO
50a8e15c-36fd-45b4-b92c-4f01ea812601,81f7dd70-8a34-4d89-b097-01c124cdd41b,₹257.45 debited to BigBasket on 29-Oct-2025 13:13 via UPI Ref 1324948574,,BigBasket,0.1835,AUTO
ecd1ef91-7729-4cce-aed8-5b0f1334666b,81f7dd70-8a34-4d89-b097-01c124cdd41b,₹1636.57 debited to Reliance Fresh on 17-Sep-2025 08:31 via UPI Ref 5636089376,,Reliance Fresh,0.1698,AUTO
37e647c3-7e5a-46d1-9591-92111eeb0e31,81f7dd70-8a34-4d89-b097-01c124cdd41b,₹901.3 debited to McDonalds on 19-Jan-2026 05:33 via UPI Ref 8365338972,,McDonalds,0.1924,AUTO
1083556b-566d-44cd-8854-2c9e0bc04420,81f7dd70-8a34-4d89-b097-01c124cdd41b,₹4980.95 debited to Dream11 on 29-Dec-2025 09:34 via UPI Ref 2903354648,,Dream11,0.1746,AUTO
d5f5b22d-65c5-4ef2-9d4a-ca3d29a2453a,81f7dd70-8a34-4d89-b097-01c124cdd41b,₹1276.42 debited to Rapido on 31-Dec-2025 04:01 via UPI Ref 3863633137,,Rapido,0.3069,AUTO
edc0275e-a994-4a9b-8e47-be59a687e742,81f7dd70-8a34-4d89-b097-01c124cdd41b,₹844.95 debited to Swiggy on 02-Feb-2026 13:42 via UPI Ref 6489477173,,Swiggy,0.4027,AUTO
81dcb8e1-70a9-4302-ab8d-f567e55501dc,81f7dd70-8a34-4d89-b097-01c124cdd41b,₹516.0 debited to Flipkart on 17-Jan-2026 03:10 via UPI Ref 2483125328,,Flipkart,0.3438,AUTO
d4374dde-1d4c-4b2f-bf9a-64f7c93908b6,81f7dd70-8a34-4d89-b097-01c124cdd41b,₹1915.74 debited to Water Supply on 31-Dec-2025 04:51 via UPI Ref 3933328227,,Water Supply,0.2876,AUTO
a5948cac-f1c3-44eb-b1e8-f250e4ffd9d8,81f7dd70-8a34-4d89-b097-01c124cdd41b,₹856.96 debited to Electricity Board on 12-Jan-2026 16:18 via UPI Ref 7610672125,,Electricity Board,0.3446,AUTO
f8ca4b79-df5f-41cf-b1c8-9b28331f57af,81f7dd70-8a34-4d89-b097-01c124cdd41b,₹116.46 debited to Zomato on 06-Dec-2025 01:16 via UPI Ref 7004037297,,Zomato,0.3336,AUTO
7d9da313-3131-4dc5-9950-ee67aad44506,81f7dd70-8a34-4d89-b097-01c124cdd41b,₹539.52 debited to Netflix on 01-Dec-2025 04:41 via UPI Ref 8877951435,,Netflix,0.3324,AUTO
b3d7b471-729b-42a2-a498-0c2a739b2b61,81f7dd70-8a34-4d89-b097-01c124cdd41b,₹624.72 debited to McDonalds on 27-Aug-2025 08:33 via UPI Ref 9088613303,,McDonalds,0.1477,AUTO
e680770d-a7b7-42c1-88ed-2f67e52467ec,81f7dd70-8a34-4d89-b097-01c124cdd41b,₹2328.46 debited to Dream11 on 30-Jan-2026 10:59 via UPI Ref 9682809269,,Dream11,0.1762,AUTO
c6b122fc-b3f0-4f16-9f3e-a9d6f6c7fdee,81f7dd70-8a34-4d89-b097-01c124cdd41b,₹15000.0 debited to House Owner on 03-Feb-2026 06:13 via UPI Ref 1769730907,,House Owner,0.2045,AUTO
5d6a29b7-6721-4c04-989f-a5a88a53c041,81f7dd70-8a34-4d89-b097-01c124cdd41b,₹1841.02 debited to Spotify on 02-Oct-2025 06:45 via UPI Ref 1148714355,,Spotify,0.293,AUTO
0afe09e9-e717-437c-bb33-aa5a16ea11f8,81f7dd70-8a34-4d89-b097-01c124cdd41b,₹1941.54 debited to Reliance Fresh on 22-Dec-2025 21:37 via UPI Ref 2806820959,,Reliance Fresh,0.1851,AUTO
0f39a640-eb59-483e-9d7d-86a87c289cec,81f7dd70-8a34-4d89-b097-01c124cdd41b,₹586.72 debited to Dominos on 15-Sep-2025 09:33 via UPI Ref 7920617457,,Dominos,0.2258,AUTO
bf826d0e-135d-4800-bbd0-3eaa914f363b,81f7dd70-8a34-4d89-b097-01c124cdd41b,₹278.5 debited to Flipkart on 16-Dec-2025 08:01 via UPI Ref 4637498944,,Flipkart,0.3219,AUTO
ff530ff0-f2ac-4865-a31f-40ffb134bec2,81f7dd70-8a34-4d89-b097-01c124cdd41b,₹417.88 debited to Netflix on 31-Oct-2025 01:48 via UPI Ref 2138232674,,Netflix,0.2649,AUTO
08f58fc6-9941-4826-8465-d587351946e3,81f7dd70-8a34-4d89-b097-01c124cdd41b,₹141.26 debited to Amazon on 13-Sep-2025 17:56 via UPI Ref 1998263635,,Amazon,0.2986,AUTO
d7d90ef1-3af5-4a1b-87c2-10d3691e2b26,81f7dd70-8a34-4d89-b097-01c124cdd41b,₹614.61 debited to Flipkart on 21-Nov-2025 01:05 via UPI Ref 2392148092,,Flipkart,0.2951,AUTO
553d84e6-8a66-4f12-ae34-66e29bd2f9b4,81f7dd70-8a34-4d89-b097-01c124cdd41b,₹846.95 debited to BigBasket on 01-Jan-2026 07:35 via UPI Ref 2605309360,,BigBasket,0.168,AUTO
824f9850-83b8-4b7d-ad16-5bb998f92189,81f7dd70-8a34-4d89-b097-01c124cdd41b,₹628.19 debited to Dominos on 09-Oct-2025 09:59 via UPI Ref 6538675466,,Dominos,0.2405,AUTO
93968fdf-74a5-4b57-87bd-326863b5eecd,81f7dd70-8a34-4d89-b097-01c124cdd41b,₹238.11 debited to BigBasket on 16-Aug-2025 00:16 via UPI Ref 4026774104,,BigBasket,0.203,AUTO
af07b542-534c-4692-88fe-95927a933c0f,81f7dd70-8a34-4d89-b097-01c124cdd41b,₹1436.97 debited to Zomato on 12-Feb-2026 11:50 via UPI Ref 6421849089,,Zomato,0.3028,AUTO
3a57246a-31f7-425d-a58d-4316fd5f92bf,81f7dd70-8a34-4d89-b097-01c124cdd41b,₹379.91 debited to Myntra on 06-Jan-2026 20:56 via UPI Ref 8992875921,,Myntra,0.2585,AUTO
6417af89-1573-4877-9b10-68e87b5dade5,81f7dd70-8a34-4d89-b097-01c124cdd41b,₹15000.0 debited to House Owner on 17-Oct-2025 16:20 via UPI Ref 9894212393,,House Owner,0.2236,AUTO
2acbdece-7e4e-44be-aae7-6b3dc1baefd4,81f7dd70-8a34-4d89-b097-01c124cdd41b,₹382.82 debited to Myntra on 20-Sep-2025 09:53 via UPI Ref 3931062380,,Myntra,0.2889,AUTO
3cda9859-29da-48f8-9a36-3554d40a0e8c,81f7dd70-8a34-4d89-b097-01c124cdd41b,₹741.72 debited to Dominos on 12-Dec-2025 20:37 via UPI Ref 2881819628,,Dominos,0.2614,AUTO
0cdaccef-21b6-47a4-aeaa-5a844d842856,81f7dd70-8a34-4d89-b097-01c124cdd41b,₹165.0 debited to Hospital XYZ on 23-Nov-2025 10:44 via UPI Ref 5150510544,,Hospital XYZ,0.5279,AUTO
74988849-7269-435e-83aa-a0f13771faf0,81f7dd70-8a34-4d89-b097-01c124cdd41b,₹71.16 debited to Electricity Board on 22-Aug-2025 22:24 via UPI Ref 1908172754,,Electricity Board,0.2197,AUTO
2ff92322-4669-40ee-a45b-42e436a21547,81f7dd70-8a34-4d89-b097-01c124cdd41b,₹1242.84 debited to Swiggy on 27-Jan-2026 23:30 via UPI Ref 4884589550,,Swiggy,0.3387,AUTO
907ea0e6-1055-45de-8b32-00cc416bce37,81f7dd70-8a34-4d89-b097-01c124cdd41b,₹427.96 debited to Water Supply on 01-Jan-2026 12:24 via UPI Ref 8102988555,,Water Supply,0.3225,AUTO
a482716f-d637-43b7-ac6d-8d53a4343864,81f7dd70-8a34-4d89-b097-01c124cdd41b,₹888.48 debited to Water Supply on 15-Nov-2025 10:44 via UPI Ref 6472248294,,Water Supply,0.2825,AUTO
2a54342b-5e9b-462c-9b66-2e03cb5e11bb,81f7dd70-8a34-4d89-b097-01c124cdd41b,₹891.97 debited to PokerStars on 25-Aug-2025 22:59 via UPI Ref 1014248244,,PokerStars,0.1534,AUTO
87037498-fa2d-4608-92ad-df119944a4d3,81f7dd70-8a34-4d89-b097-01c124cdd41b,₹721.57 debited to Spotify on 18-Jan-2026 16:07 via UPI Ref 5413389508,,Spotify,0.4114,AUTO
a5f26806-de1e-4e27-93a6-8c9d160ed677,81f7dd70-8a34-4d89-b097-01c124cdd41b,₹1080.95 debited to Dominos on 02-Oct-2025 01:08 via UPI Ref 1743572663,,Dominos,0.3625,AUTO
8770df6e-05a3-4315-bb07-7fba1d40b899,81f7dd70-8a34-4d89-b097-01c124cdd41b,₹404.54 debited to Spotify on 06-Dec-2025 00:09 via UPI Ref 8065710387,,Spotify,0.4226,AUTO
9ccfa439-7538-4321-85c9-75b129e6a4c0,81f7dd70-8a34-4d89-b097-01c124cdd41b,₹54.45 debited to Dominos on 18-Oct-2025 11:09 via UPI Ref 1443742638,,Dominos,0.2277,AUTO
1f351023-2422-4064-82c0-c819ddedf79e,81f7dd70-8a34-4d89-b097-01c124cdd41b,₹1050.83 debited to Spotify on 12-Jan-2026 05:24 via UPI Ref 9145314311,,Spotify,0.3374,AUTO
d4b25c9a-6575-4ff6-ac08-4335851b8f4d,81f7dd70-8a34-4d89-b097-01c124cdd41b,₹844.03 debited to Flipkart on 26-Sep-2025 12:13 via UPI Ref 4532437096,,Flipkart,0.3188,AUTO
2acdbc94-4fd2-4f79-b51f-95f3b71a8bfc,81f7dd70-8a34-4d89-b097-01c124cdd41b,₹1510.72 debited to Dominos on 17-Aug-2025 04:08 via UPI Ref 6133157109,,Dominos,0.26,AUTO
b7d0f826-3d49-4b12-8804-66067bb3839a,81f7dd70-8a34-4d89-b097-01c124cdd41b,₹1660.67 debited to Zomato on 10-Jan-2026 05:41 via UPI Ref 6928770095,,Zomato,0.3858,AUTO
61bc2ea6-c398-4d57-8988-eabad051d10e,81f7dd70-8a34-4d89-b097-01c124cdd41b,₹1195.53 debited to Airtel on 14-Oct-2025 00:50 via UPI Ref 5376309327,,Airtel,0.4205,AUTO
07097396-28ff-45ae-8a5c-a63b9ba368f9,81f7dd70-8a34-4d89-b097-01c124cdd41b,₹620.72 debited to BigBasket on 21-Nov-2025 04:22 via UPI Ref 7170886203,,BigBasket,0.1813,AUTO
ce25c563-0bdf-4157-955b-d6538b5c4a8e,81f7dd70-8a34-4d89-b097-01c124cdd41b,₹1012.82 debited to Jio on 04-Oct-2025 04:51 via UPI Ref 5427432166,,Jio,0.2635,AUTO
305d4468-b1b5-4c27-8d0a-9c69666b053a,81f7dd70-8a34-4d89-b097-01c124cdd41b,₹1458.8 debited to Zomato on 10-Nov-2025 15:01 via UPI Ref 8134052031,,Zomato,0.4117,AUTO
47d8f5bb-1566-49bf-9b42-2cae0ce8dd1c,81f7dd70-8a34-4d89-b097-01c124cdd41b,₹956.83 debited to Spotify on 25-Dec-2025 13:42 via UPI Ref 6427429474,,Spotify,0.3635,AUTO
83f4061b-40da-48fc-81e8-4118a365b029,81f7dd70-8a34-4d89-b097-01c124cdd41b,₹1356.15 debited to Reliance Fresh on 19-Sep-2025 16:44 via UPI Ref 2655334194,,Reliance Fresh,0.1971,AUTO
a7c3c3a8-672f-4233-8e5b-a855ffc5fd8c,81f7dd70-8a34-4d89-b097-01c124cdd41b,₹468.36 debited to DMart on 26-Nov-2025 07:26 via UPI Ref 5370294372,,DMart,0.1616,AUTO
15a241a5-ea56-4ef6-930f-6195846b754a,81f7dd70-8a34-4d89-b097-01c124cdd41b,₹1988.39 debited to PokerStars on 04-Sep-2025 03:51 via UPI Ref 8192284553,,PokerStars,0.2386,AUTO
508a9218-371f-4358-a375-59b0b9ec365a,81f7dd70-8a34-4d89-b097-01c124cdd41b,₹1954.83 debited to Reliance Fresh on 25-Dec-2025 14:09 via UPI Ref 4106646058,,Reliance Fresh,0.1598,AUTO
62e78dda-5a4f-451d-b804-f41b7b0d6397,81f7dd70-8a34-4d89-b097-01c124cdd41b,₹1315.54 debited to BigBasket on 23-Jan-2026 13:00 via UPI Ref 5679409246,,BigBasket,0.1703,AUTO
ef0bff06-5ddd-40a3-9e47-753ee51c1ca5,81f7dd70-8a34-4d89-b097-01c124cdd41b,₹818.14 debited to Reliance Fresh on 03-Sep-2025 05:25 via UPI Ref 6913297303,,Reliance Fresh,0.186,AUTO
3d7927ae-a512-4d67-9721-a044b7db91f6,81f7dd70-8a34-4d89-b097-01c124cdd41b,₹1915.74 debited to Dream11 on 09-Dec-2025 06:51 via UPI Ref 6868054148,,Dream11,0.1763,AUTO
3ee5ad7a-259d-4d39-9aaf-f56a44ccaa60,81f7dd70-8a34-4d89-b097-01c124cdd41b,₹542.54 debited to Flipkart on 16-Sep-2025 12:35 via UPI Ref 8942257148,,Flipkart,0.3164,AUTO
9464144b-ed9e-46c3-8f3e-80952aa3b7ce,81f7dd70-8a34-4d89-b097-01c124cdd41b,₹408.24 debited to Myntra on 09-Nov-2025 05:41 via UPI Ref 1494886534,,Myntra,0.2305,AUTO
cfce001d-7b8f-49c4-a768-86fbec8f3ad6,81f7dd70-8a34-4d89-b097-01c124cdd41b,₹15000.0 debited to House Owner on 10-Jan-2026 09:26 via UPI Ref 2881606750,,House Owner,0.149,AUTO
fde64ab6-b406-4b66-a899-06fb0939727a,81f7dd70-8a34-4d89-b097-01c124cdd41b,₹276.82 debited to Ola on 17-Sep-2025 22:54 via UPI Ref 3917312645,,Ola,0.2995,AUTO
b997e8ba-0595-4be5-bfc2-969f6353ed30,81f7dd70-8a34-4d89-b097-01c124cdd41b,₹1901.63 debited to Amazon on 09-Dec-2025 02:05 via UPI Ref 2708117268,,Amazon,0.3384,AUTO
472c3ce2-5e43-4124-9e24-dcb68cc244a5,81f7dd70-8a34-4d89-b097-01c124cdd41b,₹1312.78 debited to Swiggy on 15-Jan-2026 05:23 via UPI Ref 6886993049,,Swiggy,0.348,AUTO
163d906f-aad0-444f-b69b-2e2a7bb2ca56,81f7dd70-8a34-4d89-b097-01c124cdd41b,₹1609.24 debited to Reliance Fresh on 02-Sep-2025 10:07 via UPI Ref 3385335453,,Reliance Fresh,0.1618,AUTO
d75c3d07-1da2-4200-a3e4-b0300808101f,81f7dd70-8a34-4d89-b097-01c124cdd41b,₹15000.0 debited to House Owner on 19-Dec-2025 02:07 via UPI Ref 1381601832,,House Owner,0.1923,AUTO
c4796fbc-5d95-4446-bc78-05e17dd1b478,81f7dd70-8a34-4d89-b097-01c124cdd41b,₹3892.02 debited to Bet365 on 10-Nov-2025 18:30 via UPI Ref 9772888612,,Bet365,0.182,AUTO
ebdd3e78-0454-4f83-af4c-06076484eeeb,81f7dd70-8a34-4d89-b097-01c124cdd41b,₹189.47 debited to Water Supply on 02-Dec-2025 17:17 via UPI Ref 7688175540,,Water Supply,0.1848,AUTO
12269fdf-f729-4094-bed1-0eb1612fb273,81f7dd70-8a34-4d89-b097-01c124cdd41b,₹745.09 debited to Swiggy on 18-Aug-2025 11:44 via UPI Ref 7825457952,,Swiggy,0.2585,AUTO
bf8a7fbf-92cc-493f-9cd9-56652d2a2d80,81f7dd70-8a34-4d89-b097-01c124cdd41b,₹91.96 debited to Myntra on 25-Sep-2025 18:11 via UPI Ref 5701437350,,Myntra,0.1864,AUTO
56fae9e6-74f2-42c1-87df-c0677f2b3498,81f7dd70-8a34-4d89-b097-01c124cdd41b,₹1094.83 debited to BookMyShow on 13-Jan-2026 00:46 via UPI Ref 6358961098,,BookMyShow,0.1896,AUTO
0c88b65e-6b5e-4344-b18b-63f087ab9ef6,81f7dd70-8a34-4d89-b097-01c124cdd41b,₹1831.71 debited to PokerStars on 10-Oct-2025 23:35 via UPI Ref 9888927663,,PokerStars,0.2004,AUTO
cfaf2119-7a05-4cff-a74a-a1de3cb32394,81f7dd70-8a34-4d89-b097-01c124cdd41b,₹144.29 debited to Water Supply on 14-Dec-2025 18:25 via UPI Ref 7877829891,,Water Supply,0.2351,AUTO
cd58d0bf-2775-4ff5-ac30-62ad4a88f322,81f7dd70-8a34-4d89-b097-01c124cdd41b,₹15000.0 debited to House Owner on 03-Oct-2025 09:44 via UPI Ref 7233836769,,House Owner,0.1563,AUTO
0420f0ec-97c5-4943-b717-902e3dc9165c,81f7dd70-8a34-4d89-b097-01c124cdd41b,₹1802.95 debited to Zomato on 07-Feb-2026 20:58 via UPI Ref 5427207200,,Zomato,0.437,AUTO
c0500a59-b0c2-4ef5-a0de-e2f84cec9272,81f7dd70-8a34-4d89-b097-01c124cdd41b,₹706.74 debited to Myntra on 29-Oct-2025 03:46 via UPI Ref 4825832256,,Myntra,0.2178,AUTO
1da592f8-7918-4ee2-8646-5387413de972,81f7dd70-8a34-4d89-b097-01c124cdd41b,₹1367.43 debited to BookMyShow on 06-Oct-2025 21:59 via UPI Ref 6165400528,,BookMyShow,0.2217,AUTO
1c900a9c-19c7-427b-9087-28a2a32ab0e4,81f7dd70-8a34-4d89-b097-01c124cdd41b,₹1405.32 debited to Flipkart on 09-Jan-2026 20:53 via UPI Ref 7149241505,,Flipkart,0.4117,AUTO
0875103f-520f-48c6-aa88-b63b49e409d3,81f7dd70-8a34-4d89-b097-01c124cdd41b,₹1264.99 debited to Dominos on 18-Aug-2025 03:40 via UPI Ref 8196093295,,Dominos,0.3019,AUTO
5cc422fc-fdf0-489e-adb6-0268b4683929,81f7dd70-8a34-4d89-b097-01c124cdd41b,₹3184.53 debited to Dream11 on 24-Aug-2025 06:01 via UPI Ref 8499891520,,Dream11,0.1701,AUTO
73a13948-85c7-4eb8-9d7c-3588d1d9e230,81f7dd70-8a34-4d89-b097-01c124cdd41b,₹73.94 debited to Reliance Fresh on 14-Sep-2025 11:30 via UPI Ref 9953999451,,Reliance Fresh,0.1634,AUTO
e14ac8f1-5866-49e8-b698-618504421d4c,81f7dd70-8a34-4d89-b097-01c124cdd41b,₹1027.92 debited to Swiggy on 20-Nov-2025 01:32 via UPI Ref 9818399397,,Swiggy,0.2497,AUTO
dea6874f-9976-43b1-bc89-5c6d869acbd4,81f7dd70-8a34-4d89-b097-01c124cdd41b,₹1218.26 debited to Zomato on 11-Nov-2025 07:00 via UPI Ref 7581106852,,Zomato,0.3232,AUTO
bba34c1d-f96b-4d2d-823e-1b107127e101,81f7dd70-8a34-4d89-b097-01c124cdd41b,₹1092.57 debited to Bet365 on 26-Nov-2025 19:01 via UPI Ref 4548547783,,Bet365,0.1951,AUTO
434f2011-5a2f-4810-bdb1-d6ec4c915782,81f7dd70-8a34-4d89-b097-01c124cdd41b,₹75489.0 credited to Company Payroll on 16-Aug-2025 23:04 via UPI Ref 5466608072,,Company Payroll,0.2415,AUTO
9b4688e1-833c-481b-b7a3-f766df593ad7,81f7dd70-8a34-4d89-b097-01c124cdd41b,₹1246.8 debited to Jio on 31-Dec-2025 09:19 via UPI Ref 1225679519,,Jio,0.3224,AUTO
28498f31-2a4f-4744-9c42-37505e31c37f,81f7dd70-8a34-4d89-b097-01c124cdd41b,₹1625.72 debited to Netflix on 04-Nov-2025 05:36 via UPI Ref 3770054270,,Netflix,0.2573,AUTO
0a27ac47-bf9f-4dca-a7ed-27c5f6763f54,81f7dd70-8a34-4d89-b097-01c124cdd41b,₹300.21 debited to Uber on 18-Sep-2025 06:04 via UPI Ref 3769931585,,Uber,0.3976,AUTO
7273ab48-76b0-444a-a45b-7d5c719cfe51,81f7dd70-8a34-4d89-b097-01c124cdd41b,₹1666.56 debited to Flipkart on 25-Aug-2025 11:50 via UPI Ref 9223643941,,Flipkart,0.3469,AUTO
a82ae996-5cc5-41b2-b163-0c90aa712340,81f7dd70-8a34-4d89-b097-01c124cdd41b,₹1989.43 debited to BigBasket on 08-Nov-2025 01:57 via UPI Ref 4458247551,,BigBasket,0.1635,AUTO
2529bac8-6800-4188-9c71-efb87d092d7c,81f7dd70-8a34-4d89-b097-01c124cdd41b,₹1269.92 debited to Spotify on 07-Sep-2025 04:53 via UPI Ref 5017939131,,Spotify,0.3917,AUTO
d227f47b-a605-47dc-a211-9014b1d6f539,81f7dd70-8a34-4d89-b097-01c124cdd41b,₹377.44 debited to Swiggy on 10-Feb-2026 20:17 via UPI Ref 8000777100,,Swiggy,0.2925,AUTO
d637b0d5-4bd9-4887-8e72-a359a70eac4f,81f7dd70-8a34-4d89-b097-01c124cdd41b,₹1544.78 debited to McDonalds on 20-Jan-2026 20:27 via UPI Ref 2920322263,,McDonalds,0.1648,AUTO
ef5a08ca-690e-4c7a-b07f-9f622f19b141,81f7dd70-8a34-4d89-b097-01c124cdd41b,₹15000.0 debited to House Owner on 29-Aug-2025 10:16 via UPI Ref 1513149390,,House Owner,0.1821,AUTO
29af8f8d-9141-4613-a365-81f71ddd07de,81f7dd70-8a34-4d89-b097-01c124cdd41b,₹59465.02 credited to Company Payroll on 17-Nov-2025 05:09 via UPI Ref 8447861279,,Company Payroll,0.1908,AUTO
5a43511f-5c7f-43fe-bea6-77e85dcea6ed,81f7dd70-8a34-4d89-b097-01c124cdd41b,₹1940.93 debited to Electricity Board on 09-Nov-2025 01:23 via UPI Ref 3155239455,,Electricity Board,0.3696,AUTO
c3b46d90-4998-4905-bec1-6fcafe6828c6,81f7dd70-8a34-4d89-b097-01c124cdd41b,₹1579.84 debited to Swiggy on 22-Oct-2025 08:08 via UPI Ref 4696809250,,Swiggy,0.2656,AUTO
7e9d4769-39ee-4e5c-8642-17419dda97c2,81f7dd70-8a34-4d89-b097-01c124cdd41b,₹31302.88 credited to Company Payroll on 07-Sep-2025 05:06 via UPI Ref 4103577455,,Company Payroll,0.1732,AUTO
96b978f3-65c4-470a-a78a-233e7145e1c8,81f7dd70-8a34-4d89-b097-01c124cdd41b,₹747.6 debited to Zomato on 12-Nov-2025 12:14 via UPI Ref 6425759453,,Zomato,0.3453,AUTO
171b2ddd-dbbc-4b65-81fc-2061e99672a4,81f7dd70-8a34-4d89-b097-01c124cdd41b,₹1923.24 debited to Swiggy on 05-Dec-2025 21:09 via UPI Ref 6092776923,,Swiggy,0.266,AUTO
510fa0c3-ef72-4d1c-8430-a7151746c105,81f7dd70-8a34-4d89-b097-01c124cdd41b,₹880.45 debited to Zomato on 16-Aug-2025 17:01 via UPI Ref 1306325512,,Zomato,0.2988,AUTO
cbb924e6-3cda-49f8-a946-5937fcd5e044,81f7dd70-8a34-4d89-b097-01c124cdd41b,₹480.84 debited to Zomato on 10-Sep-2025 16:19 via UPI Ref 8316376106,,Zomato,0.3712,AUTO
5ef41716-ee61-4ada-a79f-58e56737c2d0,81f7dd70-8a34-4d89-b097-01c124cdd41b,₹761.28 debited to Zomato on 14-Nov-2025 18:09 via UPI Ref 9835181652,,Zomato,0.2859,AUTO
8cded99b-62ad-46e7-9325-11d54e9a07a3,81f7dd70-8a34-4d89-b097-01c124cdd41b,₹914.66 debited to Reliance Fresh on 20-Nov-2025 01:22 via UPI Ref 2583571778,,Reliance Fresh,0.1579,AUTO
5f504caf-de1d-4070-b334-5d9d82f8fce6,81f7dd70-8a34-4d89-b097-01c124cdd41b,₹38376.01 credited to Company Payroll on 05-Oct-2025 08:29 via UPI Ref 8514161406,,Company Payroll,0.1832,AUTO
0f7b9353-e2c5-4c35-8a3c-51968b87763d,81f7dd70-8a34-4d89-b097-01c124cdd41b,₹42357.29 credited to Company Payroll on 21-Dec-2025 04:20 via UPI Ref 5974354641,,Company Payroll,0.1585,AUTO
57b2c688-dc5b-4963-aae8-a740663faf51,81f7dd70-8a34-4d89-b097-01c124cdd41b,₹1428.36 debited to Jio on 30-Jan-2026 12:37 via UPI Ref 7309473451,,Jio,0.2804,AUTO
401d3d25-3284-4a32-97b7-5b4a83d0d903,81f7dd70-8a34-4d89-b097-01c124cdd41b,₹1795.96 debited to Zomato on 16-Dec-2025 18:10 via UPI Ref 9117890637,,Zomato,0.3188,AUTO
61bb6192-d04a-43d8-929b-846d1abf19a3,81f7dd70-8a34-4d89-b097-01c124cdd41b,₹1888.67 debited to Amazon on 11-Nov-2025 13:13 via UPI Ref 7794031555,,Amazon,0.3642,AUTO
16b7e695-fc9e-4711-9059-9c75b69e7258,81f7dd70-8a34-4d89-b097-01c124cdd41b,₹998.55 debited to BookMyShow on 19-Nov-2025 00:54 via UPI Ref 4466305482,,BookMyShow,0.2059,AUTO
9f6de32c-63cd-4980-8ed1-8a31232ff62f,81f7dd70-8a34-4d89-b097-01c124cdd41b,₹1998.31 debited to Uber on 05-Dec-2025 06:24 via UPI Ref 1209886270,,Uber,0.377,AUTO
2fde30e7-4ab4-424e-8e04-974e7e1bf5aa,81f7dd70-8a34-4d89-b097-01c124cdd41b,₹1472.4 debited to Ola on 25-Oct-2025 01:46 via UPI Ref 7016305897,,Ola,0.3647,AUTO
cebff777-d9c5-40ad-9caa-78f101b528b0,81f7dd70-8a34-4d89-b097-01c124cdd41b,₹486.56 debited to Spotify on 02-Oct-2025 14:38 via UPI Ref 6324988760,,Spotify,0.3284,AUTO
c03bd10a-d874-4385-b449-d0c77cf9d4b3,81f7dd70-8a34-4d89-b097-01c124cdd41b,₹275.74 debited to Water Supply on 19-Aug-2025 04:34 via UPI Ref 6971003248,,Water Supply,0.2929,AUTO
8c31495f-5a2e-4a50-bbca-ef8fa7850fd4,81f7dd70-8a34-4d89-b097-01c124cdd41b,₹15000.0 debited to House Owner on 13-Sep-2025 19:18 via UPI Ref 6305080326,,House Owner,0.1907,AUTO
db24f85f-64a8-4486-a430-aba5b880d0ce,81f7dd70-8a34-4d89-b097-01c124cdd41b,₹1518.33 debited to Jio on 20-Jan-2026 15:44 via UPI Ref 5436565343,,Jio,0.2767,AUTO
2dceb745-31b4-40e4-a253-9322ea8a12bc,81f7dd70-8a34-4d89-b097-01c124cdd41b,₹679.83 debited to Amazon on 17-Oct-2025 22:51 via UPI Ref 7917868261,,Amazon,0.3116,AUTO
a3a5dc3f-77bf-4fb7-b3ff-139fd7124c05,81f7dd70-8a34-4d89-b097-01c124cdd41b,₹1075.36 debited to Jio on 27-Oct-2025 04:17 via UPI Ref 3110552954,,Jio,0.2664,AUTO
6524a76d-f819-4c27-b6c6-2d3254498b14,81f7dd70-8a34-4d89-b097-01c124cdd41b,₹1598.78 debited to Amazon on 29-Sep-2025 13:07 via UPI Ref 5281824351,,Amazon,0.2851,AUTO
0c862bbf-62bb-476b-ba67-21a17ad467b3,81f7dd70-8a34-4d89-b097-01c124cdd41b,₹906.49 debited to Electricity Board on 05-Nov-2025 19:49 via UPI Ref 5006793091,,Electricity Board,0.3061,AUTO
8f79d6a3-852d-4417-8098-eacad09b8e2d,81f7dd70-8a34-4d89-b097-01c124cdd41b,₹1833.13 debited to McDonalds on 09-Nov-2025 03:35 via UPI Ref 3686694680,,McDonalds,0.1879,AUTO
4f9ed107-f5c5-4d1d-aa4a-b6ff61c0aa0f,81f7dd70-8a34-4d89-b097-01c124cdd41b,₹1125.53 debited to Jio on 01-Jan-2026 10:08 via UPI Ref 8215825472,,Jio,0.346,AUTO
b38d0762-011e-461a-af03-64adcfa4db85,81f7dd70-8a34-4d89-b097-01c124cdd41b,₹535.68 debited to BigBasket on 07-Oct-2025 23:57 via UPI Ref 1480046609,,BigBasket,0.1702,AUTO
5678f294-e3c6-428a-a9ce-f573c2e9a23d,81f7dd70-8a34-4d89-b097-01c124cdd41b,₹1307.3 debited to McDonalds on 04-Dec-2025 13:32 via UPI Ref 6932533833,,McDonalds,0.2011,AUTO
c37c7e96-57af-454e-bf55-ff607fa2e876,81f7dd70-8a34-4d89-b097-01c124cdd41b,₹566.53 debited to Jio on 25-Nov-2025 05:18 via UPI Ref 6646548131,,Jio,0.2591,AUTO
09903042-d60e-469d-b5ce-690e0014cf58,81f7dd70-8a34-4d89-b097-01c124cdd41b,₹664.59 debited to Flipkart on 27-Aug-2025 22:47 via UPI Ref 6489839933,,Flipkart,0.3953,AUTO
0c3e4e5c-117f-4811-b8d9-f13b732ddd6c,81f7dd70-8a34-4d89-b097-01c124cdd41b,₹59115.7 credited to Company Payroll on 30-Sep-2025 12:41 via UPI Ref 4075215758,,Company Payroll,0.2426,AUTO
9d67088d-2881-4c3a-a247-873a6c21b390,81f7dd70-8a34-4d89-b097-01c124cdd41b,₹426.17 debited to Spotify on 27-Sep-2025 12:44 via UPI Ref 7643106038,,Spotify,0.3728,AUTO
9d9165e6-4a4a-431c-bfaa-804c304552c1,81f7dd70-8a34-4d89-b097-01c124cdd41b,₹84.45 debited to BookMyShow on 28-Sep-2025 22:43 via UPI Ref 3895666274,,BookMyShow,0.1452,AUTO
e6229213-6487-4831-830d-987f1c7cc2c2,81f7dd70-8a34-4d89-b097-01c124cdd41b,₹60.51 debited to Rapido on 13-Sep-2025 08:09 via UPI Ref 9943286193,,Rapido,0.3211,AUTO
6cc80cc1-5f3a-4f98-b793-b7bb9249b3f3,81f7dd70-8a34-4d89-b097-01c124cdd41b,₹45273.9 credited to Company Payroll on 30-Dec-2025 11:05 via UPI Ref 1330749600,,Company Payroll,0.204,AUTO
0190be98-41b0-4f86-9702-ea896f44b460,81f7dd70-8a34-4d89-b097-01c124cdd41b,₹1658.62 debited to BigBasket on 30-Oct-2025 22:30 via UPI Ref 7487814822,,BigBasket,0.214,AUTO
4186b18f-75d2-4897-bb91-bc97096ac0c6,81f7dd70-8a34-4d89-b097-01c124cdd41b,₹1282.42 debited to McDonalds on 30-Dec-2025 06:49 via UPI Ref 5267760688,,McDonalds,0.1529,AUTO
264c7fb4-61cb-4b50-8fb3-30d5bd418b2e,81f7dd70-8a34-4d89-b097-01c124cdd41b,₹698.51 debited to Swiggy on 12-Jan-2026 15:45 via UPI Ref 8779386483,,Swiggy,0.3674,AUTO
e98d572d-d4e3-4ba3-8e3c-b37eb6724080,81f7dd70-8a34-4d89-b097-01c124cdd41b,₹54092.98 credited to Company Payroll on 10-Nov-2025 11:33 via UPI Ref 6792869437,,Company Payroll,0.1882,AUTO
5a72decb-112f-464b-9c89-e73e5d0e67da,81f7dd70-8a34-4d89-b097-01c124cdd41b,₹1045.47 debited to Zomato on 16-Oct-2025 10:35 via UPI Ref 1203142904,,Zomato,0.434,AUTO
2f503ea9-df9f-4219-856a-0760f9e963c2,81f7dd70-8a34-4d89-b097-01c124cdd41b,₹1129.61 debited to McDonalds on 18-Jan-2026 18:51 via UPI Ref 4971382341,,McDonalds,0.2139,AUTO
3c629cbd-3b8d-44c1-aae3-f847280f6fc6,81f7dd70-8a34-4d89-b097-01c124cdd41b,₹709.09 debited to McDonalds on 26-Jan-2026 10:35 via UPI Ref 6235741237,,McDonalds,0.1491,AUTO
424c39b8-2f72-4f28-8402-e24b5f9d34c8,81f7dd70-8a34-4d89-b097-01c124cdd41b,₹809.63 debited to MedPlus on 10-Feb-2026 21:15 via UPI Ref 3989600922,,MedPlus,0.173,AUTO
ea08a282-d6c5-4516-9acf-629c2b993cdc,81f7dd70-8a34-4d89-b097-01c124cdd41b,₹802.39 debited to Myntra on 03-Feb-2026 09:44 via UPI Ref 7917605752,,Myntra,0.2873,AUTO
24a46746-4657-405c-8a2e-36edc4818bf8,81f7dd70-8a34-4d89-b097-01c124cdd41b,₹15000.0 debited to House Owner on 23-Jan-2026 12:09 via UPI Ref 4246897282,,House Owner,0.1754,AUTO
312f879d-e9f2-4489-a8ac-ad2e8db195fb,81f7dd70-8a34-4d89-b097-01c124cdd41b,₹523.14 debited to Swiggy on 04-Jan-2026 21:34 via UPI Ref 5543597634,,Swiggy,0.2659,AUTO
d415eff4-c042-4da9-94fe-2790eaca65ca,81f7dd70-8a34-4d89-b097-01c124cdd41b,₹1552.26 debited to Reliance Fresh on 03-Oct-2025 04:25 via UPI Ref 8423244031,,Reliance Fresh,0.1551,AUTO
9c8eec6e-a6f2-4d50-8728-e25f45f8067f,81f7dd70-8a34-4d89-b097-01c124cdd41b,₹131.59 debited to Hospital XYZ on 04-Sep-2025 08:14 via UPI Ref 3736409847,,Hospital XYZ,0.3967,AUTO
198884fd-6864-431b-9685-033afb78ff5f,81f7dd70-8a34-4d89-b097-01c124cdd41b,₹1630.09 debited to Electricity Board on 04-Jan-2026 09:03 via UPI Ref 4100898984,,Electricity Board,0.3153,AUTO
54ad1603-34e2-41a7-94a9-3e68dc348785,81f7dd70-8a34-4d89-b097-01c124cdd41b,₹1052.13 debited to Flipkart on 16-Oct-2025 22:41 via UPI Ref 4242162018,,Flipkart,0.2615,AUTO
e9783afd-5a0f-49ee-bb68-9a58eb707c27,81f7dd70-8a34-4d89-b097-01c124cdd41b,₹811.47 debited to Dominos on 05-Feb-2026 07:34 via UPI Ref 3926416348,,Dominos,0.3001,AUTO
aebf9b68-37a9-415f-9f8c-a55ce6954f3c,81f7dd70-8a34-4d89-b097-01c124cdd41b,₹1084.22 debited to DMart on 14-Nov-2025 05:14 via UPI Ref 1109180921,,DMart,0.1662,AUTO
738d5edb-7121-41be-b35a-22e4baf79a58,81f7dd70-8a34-4d89-b097-01c124cdd41b,₹1053.1 debited to Zomato on 16-Oct-2025 18:36 via UPI Ref 7566989595,,Zomato,0.43,AUTO
ac185bba-2c65-4501-ae20-e66988340c11,81f7dd70-8a34-4d89-b097-01c124cdd41b,₹1948.58 debited to Ola on 17-Dec-2025 20:24 via UPI Ref 3863166302,,Ola,0.3188,AUTO
d69fc632-4fdc-4f12-964a-154d97a1a649,81f7dd70-8a34-4d89-b097-01c124cdd41b,₹1281.3 debited to Jio on 07-Feb-2026 01:11 via UPI Ref 5445213868,,Jio,0.4437,AUTO
172af873-852a-4cb9-9674-b58ae16a1587,81f7dd70-8a34-4d89-b097-01c124cdd41b,₹1303.79 debited to Zomato on 28-Jan-2026 19:26 via UPI Ref 8299041503,,Zomato,0.3588,AUTO
6e905ecf-809d-452f-85c2-6058688156cb,81f7dd70-8a34-4d89-b097-01c124cdd41b,₹37304.52 credited to Company Payroll on 24-Dec-2025 06:09 via UPI Ref 9315945630,,Company Payroll,0.2846,AUTO
4e2b3e32-ca51-4238-bf77-583b571aa083,81f7dd70-8a34-4d89-b097-01c124cdd41b,₹1490.86 debited to Uber on 15-Nov-2025 01:10 via UPI Ref 4168330180,,Uber,0.3006,AUTO
6f1afea0-955e-4ffe-9e0e-1fc947091d93,81f7dd70-8a34-4d89-b097-01c124cdd41b,₹939.59 debited to Spotify on 15-Jan-2026 07:23 via UPI Ref 3902921226,,Spotify,0.4651,AUTO
a75d0cac-3756-4bce-93a0-29daf82f957a,81f7dd70-8a34-4d89-b097-01c124cdd41b,₹334.29 debited to Reliance Fresh on 21-Sep-2025 14:17 via UPI Ref 9399020554,,Reliance Fresh,0.1887,AUTO
956e1c11-d29a-47be-a976-61dd4b473f35,81f7dd70-8a34-4d89-b097-01c124cdd41b,₹1881.7 debited to MedPlus on 17-Nov-2025 05:01 via UPI Ref 8784249317,,MedPlus,0.1961,AUTO
e6123f79-ef71-4d04-bf87-3574c70415ec,81f7dd70-8a34-4d89-b097-01c124cdd41b,₹1116.32 debited to Dominos on 28-Nov-2025 11:41 via UPI Ref 9066059509,,Dominos,0.2493,AUTO
984997b8-a07b-4b2d-9849-a6e76a61d829,81f7dd70-8a34-4d89-b097-01c124cdd41b,₹496.59 debited to Ola on 04-Nov-2025 17:42 via UPI Ref 3834257064,,Ola,0.3863,AUTO
119c3bf1-0150-4fa9-845f-ea35380b71cc,81f7dd70-8a34-4d89-b097-01c124cdd41b,₹1889.88 debited to Electricity Board on 01-Nov-2025 21:19 via UPI Ref 3638180057,,Electricity Board,0.3528,AUTO
2d79d385-ef91-48f2-a9b4-999bf89c71ad,81f7dd70-8a34-4d89-b097-01c124cdd41b,₹1889.75 debited to Rapido on 13-Sep-2025 20:47 via UPI Ref 5257406861,,Rapido,0.3085,AUTO
4971d9f7-bfd5-4604-8279-56fe91a6c4cc,81f7dd70-8a34-4d89-b097-01c124cdd41b,₹1412.37 debited to Ola on 08-Jan-2026 10:37 via UPI Ref 3123774366,,Ola,0.344,AUTO
d3d4442b-21df-4b50-8811-95034ad42443,81f7dd70-8a34-4d89-b097-01c124cdd41b,₹605.22 debited to Swiggy on 26-Sep-2025 00:40 via UPI Ref 5432623720,,Swiggy,0.322,AUTO
c8863f6a-95fe-423e-bf48-ef0ab2610e85,81f7dd70-8a34-4d89-b097-01c124cdd41b,₹189.13 debited to Electricity Board on 22-Aug-2025 11:18 via UPI Ref 2196880755,,Electricity Board,0.3138,AUTO
ae22052d-fe10-4f49-aba5-63fe28e16032,81f7dd70-8a34-4d89-b097-01c124cdd41b,₹1720.01 debited to Spotify on 05-Sep-2025 13:44 via UPI Ref 2397367379,,Spotify,0.4351,AUTO
33aa630b-af80-40bd-b6b7-997f5beb6fcd,81f7dd70-8a34-4d89-b097-01c124cdd41b,₹496.4 debited to DMart on 03-Oct-2025 07:05 via UPI Ref 4979259104,,DMart,0.1872,AUTO
c6c89933-f6e1-4c78-8b12-dfcb0c5d4829,81f7dd70-8a34-4d89-b097-01c124cdd41b,₹863.78 debited to DMart on 05-Oct-2025 14:23 via UPI Ref 1839460933,,DMart,0.1732,AUTO
14092b28-2eba-4f15-9249-7efd1bd12c73,81f7dd70-8a34-4d89-b097-01c124cdd41b,₹337.2 debited to BookMyShow on 04-Sep-2025 03:26 via UPI Ref 2099775865,,BookMyShow,0.1776,AUTO
d23c3128-a775-49ff-9fe1-465f62497ac9,81f7dd70-8a34-4d89-b097-01c124cdd41b,₹2834.39 debited to PokerStars on 01-Dec-2025 01:43 via UPI Ref 1263832256,,PokerStars,0.1702,AUTO
3c04e080-16af-40d8-97cc-3801ba675b4c,81f7dd70-8a34-4d89-b097-01c124cdd41b,₹1677.41 debited to Electricity Board on 20-Dec-2025 03:05 via UPI Ref 4129959732,,Electricity Board,0.2532,AUTO
7ea41d35-bd26-4228-ba29-c71718dd66b1,81f7dd70-8a34-4d89-b097-01c124cdd41b,₹70509.18 credited to Company Payroll on 10-Dec-2025 09:39 via UPI Ref 1063736972,,Company Payroll,0.1765,AUTO
2a2121c0-0f39-48fe-bd3b-d246e8117300,81f7dd70-8a34-4d89-b097-01c124cdd41b,₹957.68 debited to BookMyShow on 10-Feb-2026 22:26 via UPI Ref 9724577796,,BookMyShow,0.1894,AUTO
6f3029f6-ce6d-409f-bacd-f7c9b00f33e3,81f7dd70-8a34-4d89-b097-01c124cdd41b,₹773.62 debited to Spotify on 06-Feb-2026 01:19 via UPI Ref 6756330217,,Spotify,0.4392,AUTO
edd26e3e-2472-4ff4-9b66-4b3956a51a19,81f7dd70-8a34-4d89-b097-01c124cdd41b,₹647.2 debited to Flipkart on 16-Jan-2026 19:08 via UPI Ref 3034121863,,Flipkart,0.3747,AUTO
557595c8-ea8f-4f4c-ab22-daf1e91d0bf5,81f7dd70-8a34-4d89-b097-01c124cdd41b,₹1371.31 debited to Amazon on 16-Dec-2025 17:48 via UPI Ref 2476898108,,Amazon,0.3191,AUTO
86ac8043-42d9-4187-9576-090144e34b88,81f7dd70-8a34-4d89-b097-01c124cdd41b,₹1975.95 debited to Myntra on 19-Aug-2025 09:35 via UPI Ref 5598067934,,Myntra,0.3381,AUTO
938228f9-26ac-4d72-823f-4ec6a5db7b3b,81f7dd70-8a34-4d89-b097-01c124cdd41b,₹893.81 debited to MedPlus on 30-Nov-2025 12:40 via UPI Ref 1841998980,,MedPlus,0.2154,AUTO
1399f596-05ab-4126-ba06-7e08ebcc77c5,81f7dd70-8a34-4d89-b097-01c124cdd41b,₹737.89 debited to Zomato on 03-Jan-2026 19:01 via UPI Ref 4239142244,,Zomato,0.3654,AUTO
14a665e9-2b2d-414b-b5a3-e4f1c0dd5c1f,81f7dd70-8a34-4d89-b097-01c124cdd41b,₹930.58 debited to Spotify on 29-Dec-2025 18:10 via UPI Ref 5196017855,,Spotify,0.4756,AUTO
a599e802-e89a-4e47-9698-81cdb745b21f,81f7dd70-8a34-4d89-b097-01c124cdd41b,₹1345.72 debited to Reliance Fresh on 04-Sep-2025 10:57 via UPI Ref 9134683077,,Reliance Fresh,0.1792,AUTO
8a092f55-108c-42d6-87f3-72f0b4e15afe,81f7dd70-8a34-4d89-b097-01c124cdd41b,₹744.38 debited to Amazon on 25-Oct-2025 12:08 via UPI Ref 5326223205,,Amazon,0.3012,AUTO
54043163-4bd5-4f30-b18e-79f86fe6884f,81f7dd70-8a34-4d89-b097-01c124cdd41b,₹1648.68 debited to Spotify on 11-Feb-2026 08:27 via UPI Ref 3594167935,,Spotify,0.3095,AUTO
90bafd45-6bf9-4a9e-9647-78cdc12f6bae,81f7dd70-8a34-4d89-b097-01c124cdd41b,₹1931.1 debited to Spotify on 06-Jan-2026 18:42 via UPI Ref 4839454965,,Spotify,0.5384,AUTO
9f8fd7fd-176d-40e8-adbe-366b691b8218,81f7dd70-8a34-4d89-b097-01c124cdd41b,₹3904.82 debited to Bet365 on 20-Aug-2025 15:26 via UPI Ref 2955969489,,Bet365,0.1837,AUTO
dc5b73f3-ec65-48da-b41f-68b1c2e12c91,81f7dd70-8a34-4d89-b097-01c124cdd41b,₹827.96 debited to Electricity Board on 27-Nov-2025 00:59 via UPI Ref 3847797281,,Electricity Board,0.4699,AUTO
5f905cb6-7ffb-4622-b773-3a8978e55bbc,81f7dd70-8a34-4d89-b097-01c124cdd41b,₹1718.07 debited to Flipkart on 27-Dec-2025 03:47 via UPI Ref 8407452961,,Flipkart,0.4011,AUTO
64d474fa-7b54-48ba-8c4d-af0e8483da51,81f7dd70-8a34-4d89-b097-01c124cdd41b,₹940.41 debited to Swiggy on 29-Jan-2026 00:22 via UPI Ref 4535445557,,Swiggy,0.3466,AUTO
1da6478e-b3e7-4e7b-bd9e-17bfcf1e4e3e,81f7dd70-8a34-4d89-b097-01c124cdd41b,₹1541.58 debited to McDonalds on 16-Sep-2025 17:11 via UPI Ref 6220704849,,McDonalds,0.1646,AUTO
5b321156-304c-4236-9af7-7dec82914b7e,81f7dd70-8a34-4d89-b097-01c124cdd41b,₹522.75 debited to Flipkart on 29-Jan-2026 12:35 via UPI Ref 7282430130,,Flipkart,0.3585,AUTO
ea0c708b-1922-4a7c-a295-952ddef331b0,81f7dd70-8a34-4d89-b097-01c124cdd41b,₹533.85 debited to Reliance Fresh on 17-Jan-2026 06:52 via UPI Ref 5470872092,,Reliance Fresh,0.1859,AUTO
cd30fbc8-f01a-4fc6-a35f-29b022bbfd69,81f7dd70-8a34-4d89-b097-01c124cdd41b,₹817.57 debited to Airtel on 24-Nov-2025 07:39 via UPI Ref 7224561198,,Airtel,0.3321,AUTO
31a736ff-2bcf-4a67-9237-64951fb996a5,81f7dd70-8a34-4d89-b097-01c124cdd41b,₹1646.35 debited to Spotify on 23-Dec-2025 17:09 via UPI Ref 9972013469,,Spotify,0.36,AUTO
9ae46296-6828-49c5-8cb0-2f13051e66d3,81f7dd70-8a34-4d89-b097-01c124cdd41b,₹330.08 debited to Flipkart on 06-Feb-2026 08:25 via UPI Ref 6281593455,,Flipkart,0.2202,AUTO
2111ff1c-dc3b-4691-af22-84d290ee347c,81f7dd70-8a34-4d89-b097-01c124cdd41b,₹1946.22 debited to Swiggy on 18-Aug-2025 15:45 via UPI Ref 6086178738,,Swiggy,0.2913,AUTO
35111da5-b8c3-4d9f-9865-2f9d515bc0cf,81f7dd70-8a34-4d89-b097-01c124cdd41b,₹504.1 debited to Apollo Pharmacy on 28-Jan-2026 15:15 via UPI Ref 1183017849,,Apollo Pharmacy,0.3499,AUTO
3194e392-0da8-40cd-a572-8909716bb4fa,81f7dd70-8a34-4d89-b097-01c124cdd41b,₹266.58 debited to Swiggy on 30-Jan-2026 19:58 via UPI Ref 1007828924,,Swiggy,0.3028,AUTO
be976dba-a1aa-4365-988b-5d36e1016b9e,81f7dd70-8a34-4d89-b097-01c124cdd41b,₹2853.9 debited to PokerStars on 20-Nov-2025 20:05 via UPI Ref 2723783171,,PokerStars,0.1838,AUTO
73e6a9ef-ff9d-4f8c-a6c4-1728bded3fba,81f7dd70-8a34-4d89-b097-01c124cdd41b,₹1877.8 debited to Flipkart on 15-Jan-2026 23:09 via UPI Ref 2760556967,,Flipkart,0.3709,AUTO
b073b0d1-dd2d-4e96-bc97-050b5498ae18,81f7dd70-8a34-4d89-b097-01c124cdd41b,₹1215.42 debited to BookMyShow on 14-Oct-2025 17:59 via UPI Ref 2142514058,,BookMyShow,0.1748,AUTO
bc2a70ad-4687-4be1-9a2a-2c146fa56976,81f7dd70-8a34-4d89-b097-01c124cdd41b,₹506.25 debited to BookMyShow on 12-Feb-2026 00:41 via UPI Ref 2861528405,,BookMyShow,0.1578,AUTO
75772ec8-5e59-42d2-a533-09b0199849ae,81f7dd70-8a34-4d89-b097-01c124cdd41b,₹337.08 debited to Water Supply on 10-Jan-2026 03:35 via UPI Ref 4185548017,,Water Supply,0.2257,AUTO
1701f525-cf19-4ce3-983e-ab79bf625a59,81f7dd70-8a34-4d89-b097-01c124cdd41b,₹1124.16 debited to Airtel on 23-Nov-2025 17:00 via UPI Ref 8429707402,,Airtel,0.3095,AUTO
20491fae-8cd6-4902-bbc6-483a07eac77f,81f7dd70-8a34-4d89-b097-01c124cdd41b,₹1056.9 debited to Dominos on 29-Aug-2025 15:52 via UPI Ref 9153903122,,Dominos,0.301,AUTO
9fcbb0bb-e5f9-4857-b472-47d4bc9498d0,81f7dd70-8a34-4d89-b097-01c124cdd41b,₹1299.82 debited to DMart on 12-Jan-2026 22:17 via UPI Ref 3815606756,,DMart,0.1642,AUTO
c610b18d-8bae-4d89-9638-8d102f078f76,81f7dd70-8a34-4d89-b097-01c124cdd41b,₹15000.0 debited to House Owner on 01-Jan-2026 02:24 via UPI Ref 5253450527,,House Owner,0.1556,AUTO
0523a7a1-67f2-42c7-a82e-ce8bfdd56e61,81f7dd70-8a34-4d89-b097-01c124cdd41b,₹1351.16 debited to Myntra on 28-Nov-2025 07:07 via UPI Ref 8187193483,,Myntra,0.2019,AUTO
ad58731a-5ac5-4ef4-9370-e8e91824e8ac,81f7dd70-8a34-4d89-b097-01c124cdd41b,₹1667.65 debited to BookMyShow on 10-Dec-2025 05:13 via UPI Ref 9215296927,,BookMyShow,0.1798,AUTO
26190605-58e3-4775-bb20-7d72f6f0b989,81f7dd70-8a34-4d89-b097-01c124cdd41b,₹1800.47 debited to Dominos on 03-Jan-2026 12:59 via UPI Ref 9324051606,,Dominos,0.3186,AUTO
1af0fc01-8866-4086-80ef-38d1b2389a60,81f7dd70-8a34-4d89-b097-01c124cdd41b,₹998.36 debited to Flipkart on 10-Feb-2026 07:27 via UPI Ref 1684090069,,Flipkart,0.2885,AUTO
abd24c16-e231-4d27-89b4-9899cccca7e7,81f7dd70-8a34-4d89-b097-01c124cdd41b,₹879.36 debited to BookMyShow on 13-Dec-2025 04:18 via UPI Ref 9462047164,,BookMyShow,0.1967,AUTO
df7e3314-94e2-4839-879b-55b82be0d5cb,81f7dd70-8a34-4d89-b097-01c124cdd41b,₹1623.77 debited to Bet365 on 30-Sep-2025 08:32 via UPI Ref 7463231449,,Bet365,0.1796,AUTO
cdd99795-69b9-409e-8499-a7d73e43cefb,81f7dd70-8a34-4d89-b097-01c124cdd41b,₹1927.1 debited to Zomato on 13-Jan-2026 13:43 via UPI Ref 4563214750,,Zomato,0.3539,AUTO
19aa32b1-11c3-448a-adeb-d1ede01d7f4d,81f7dd70-8a34-4d89-b097-01c124cdd41b,₹877.62 debited to BookMyShow on 11-Jan-2026 02:14 via UPI Ref 3292843703,,BookMyShow,0.1572,AUTO
38f41983-6114-4052-9d2e-1a46690e1b83,81f7dd70-8a34-4d89-b097-01c124cdd41b,₹15000.0 debited to House Owner on 13-Sep-2025 07:34 via UPI Ref 6595281105,,House Owner,0.1558,AUTO
4b2ebf49-6f64-4047-954c-2f88e619ad87,81f7dd70-8a34-4d89-b097-01c124cdd41b,₹1607.53 debited to Rapido on 04-Feb-2026 14:16 via UPI Ref 1709103112,,Rapido,0.2679,AUTO
a8e93c20-26e6-4a4b-ba48-2ae89d7e9395,81f7dd70-8a34-4d89-b097-01c124cdd41b,₹457.61 debited to Flipkart on 04-Sep-2025 08:13 via UPI Ref 2319885024,,Flipkart,0.2416,AUTO
d2e6f3e2-dad4-487a-8097-c1e1449fbc04,81f7dd70-8a34-4d89-b097-01c124cdd41b,₹1583.8 debited to MedPlus on 24-Sep-2025 22:41 via UPI Ref 3166911474,,MedPlus,0.1733,AUTO
2fafd53f-99d5-4d36-92c2-ce58696e6ee6,81f7dd70-8a34-4d89-b097-01c124cdd41b,₹699.38 debited to Myntra on 07-Jan-2026 00:26 via UPI Ref 9519140429,,Myntra,0.2412,AUTO
efe872f0-d995-4881-b2af-feb9f2b3aaa6,81f7dd70-8a34-4d89-b097-01c124cdd41b,₹1630.06 debited to Spotify on 05-Sep-2025 06:53 via UPI Ref 2967745277,,Spotify,0.3398,AUTO
6ba9cabb-3a34-4f61-bc8f-4f200794cde8,81f7dd70-8a34-4d89-b097-01c124cdd41b,₹1672.45 debited to Flipkart on 07-Feb-2026 08:02 via UPI Ref 7651751198,,Flipkart,0.2833,AUTO
3d25139d-2af2-4fc4-b8a2-6e9f1c29e228,81f7dd70-8a34-4d89-b097-01c124cdd41b,₹1181.6 debited to Ola on 22-Oct-2025 02:17 via UPI Ref 8873908467,,Ola,0.3002,AUTO
cbf2277d-0974-4d99-889e-632f9830fb5d,81f7dd70-8a34-4d89-b097-01c124cdd41b,₹329.09 debited to Spotify on 03-Sep-2025 10:15 via UPI Ref 1187078847,,Spotify,0.4715,AUTO
f385e916-08d0-4e30-85ec-a3ae89c3c518,81f7dd70-8a34-4d89-b097-01c124cdd41b,₹52148.5 credited to Company Payroll on 24-Sep-2025 17:35 via UPI Ref 2549919039,,Company Payroll,0.2555,AUTO
3f5ffe2c-8d4c-46fd-b98e-fbd9671b6078,81f7dd70-8a34-4d89-b097-01c124cdd41b,₹1331.94 debited to Amazon on 09-Sep-2025 18:59 via UPI Ref 3612648239,,Amazon,0.3452,AUTO
4df1cc2e-9cae-4b4e-be52-9f8d83a10984,81f7dd70-8a34-4d89-b097-01c124cdd41b,₹216.62 debited to Reliance Fresh on 12-Feb-2026 11:31 via UPI Ref 9173458399,,Reliance Fresh,0.1663,AUTO
427a140b-94de-47a3-acb1-6a8ba2e4915e,81f7dd70-8a34-4d89-b097-01c124cdd41b,₹971.17 debited to Reliance Fresh on 22-Nov-2025 17:23 via UPI Ref 5096178280,,Reliance Fresh,0.1672,AUTO
96a2c6c3-ba24-40e6-98b6-a7a8ffbe5a92,81f7dd70-8a34-4d89-b097-01c124cdd41b,₹1116.63 debited to Myntra on 28-Nov-2025 16:41 via UPI Ref 1984630132,,Myntra,0.2052,AUTO
35254704-928a-41cf-81a0-ea36130852dc,81f7dd70-8a34-4d89-b097-01c124cdd41b,₹1078.41 debited to Dominos on 06-Feb-2026 21:58 via UPI Ref 7223204884,,Dominos,0.2984,AUTO
09a4360b-8b4c-4215-9845-03feaa26236a,81f7dd70-8a34-4d89-b097-01c124cdd41b,₹800.36 debited to Uber on 28-Dec-2025 20:51 via UPI Ref 5220011249,,Uber,0.3217,AUTO
f29bfe8b-5a31-486d-a7dc-95699ee39eb9,81f7dd70-8a34-4d89-b097-01c124cdd41b,₹1821.49 debited to McDonalds on 16-Aug-2025 15:30 via UPI Ref 6751051028,,McDonalds,0.1648,AUTO
e4bedb58-e51b-43a6-ac06-3e9eb1c3a069,81f7dd70-8a34-4d89-b097-01c124cdd41b,₹1808.83 debited to Myntra on 21-Nov-2025 23:15 via UPI Ref 6899863787,,Myntra,0.2467,AUTO
ba45472a-e811-47b9-948e-ee97d1729d51,81f7dd70-8a34-4d89-b097-01c124cdd41b,₹1964.99 debited to Rapido on 12-Jan-2026 17:32 via UPI Ref 8565442380,,Rapido,0.3032,AUTO
20c55deb-fafc-4aff-be6d-0d2a93af53ee,81f7dd70-8a34-4d89-b097-01c124cdd41b,₹1411.17 debited to DMart on 27-Nov-2025 01:25 via UPI Ref 8443084823,,DMart,0.1822,AUTO
c979b3fe-88c2-4100-ae23-6ffef374ff6e,81f7dd70-8a34-4d89-b097-01c124cdd41b,₹1138.18 debited to PokerStars on 18-Jan-2026 10:53 via UPI Ref 3049907440,,PokerStars,0.2116,AUTO
a4ade521-e449-47d5-a200-14d6c5876103,81f7dd70-8a34-4d89-b097-01c124cdd41b,₹568.49 debited to BookMyShow on 23-Dec-2025 05:04 via UPI Ref 7087020149,,BookMyShow,0.1983,AUTO
05489ac7-ba95-48e1-8b0f-3d08cc57ce85,81f7dd70-8a34-4d89-b097-01c124cdd41b,₹267.43 debited to Swiggy on 15-Jan-2026 01:44 via UPI Ref 8732141979,,Swiggy,0.307,AUTO
be7d108a-ceeb-419d-84de-0cd3a0c46f00,81f7dd70-8a34-4d89-b097-01c124cdd41b,₹1470.89 debited to Dominos on 15-Dec-2025 10:04 via UPI Ref 9630720855,,Dominos,0.3692,AUTO
2e31e7a7-7773-4770-b45d-ba4dbfc687bd,81f7dd70-8a34-4d89-b097-01c124cdd41b,₹15000.0 debited to House Owner on 03-Dec-2025 15:11 via UPI Ref 3487831907,,House Owner,0.1849,AUTO
eb55505e-c39e-4d5b-88ff-1a5d3ef92883,81f7dd70-8a34-4d89-b097-01c124cdd41b,₹687.5 debited to McDonalds on 04-Oct-2025 02:57 via UPI Ref 4968760087,,McDonalds,0.2256,AUTO
942d2350-d2be-4d4a-a1dc-b54798bb056e,81f7dd70-8a34-4d89-b097-01c124cdd41b,₹1294.98 debited to Reliance Fresh on 23-Jan-2026 00:11 via UPI Ref 5563022506,,Reliance Fresh,0.1765,AUTO
cdb9ce49-2040-4a98-94a6-d6598932b36f,81f7dd70-8a34-4d89-b097-01c124cdd41b,₹1082.87 debited to Ola on 27-Dec-2025 10:50 via UPI Ref 1523236954,,Ola,0.3127,AUTO
c9621c2f-9044-4bd4-aea1-f3b07e1cdefd,81f7dd70-8a34-4d89-b097-01c124cdd41b,₹1284.63 debited to Jio on 14-Oct-2025 01:10 via UPI Ref 4690731927,,Jio,0.3659,AUTO
c0d7ec56-a50f-4966-922c-96779e42d195,81f7dd70-8a34-4d89-b097-01c124cdd41b,₹365.68 debited to BookMyShow on 29-Dec-2025 07:44 via UPI Ref 2056181451,,BookMyShow,0.2141,AUTO
516aad9a-3bd8-402f-8acd-979c204ab780,81f7dd70-8a34-4d89-b097-01c124cdd41b,₹70884.23 credited to Company Payroll on 17-Dec-2025 10:03 via UPI Ref 9495916467,,Company Payroll,0.1866,AUTO
b0fb4cb1-f0d8-476d-9af3-6ad6c2a24d3c,81f7dd70-8a34-4d89-b097-01c124cdd41b,₹748.55 debited to BigBasket on 03-Sep-2025 04:25 via UPI Ref 9586261155,,BigBasket,0.1908,AUTO
dd4c202c-e83d-47af-af82-1f02e56be4a0,81f7dd70-8a34-4d89-b097-01c124cdd41b,₹848.06 debited to Rapido on 21-Dec-2025 14:44 via UPI Ref 9841964703,,Rapido,0.3195,AUTO
4cfb965d-68d8-4ebd-a158-6dffac1d1ed1,81f7dd70-8a34-4d89-b097-01c124cdd41b,₹885.56 debited to Electricity Board on 07-Nov-2025 20:59 via UPI Ref 7062130467,,Electricity Board,0.4393,AUTO
817657bd-83dd-4927-a74b-9d9fc545382d,81f7dd70-8a34-4d89-b097-01c124cdd41b,₹664.85 debited to Amazon on 21-Aug-2025 20:34 via UPI Ref 3412838912,,Amazon,0.3024,AUTO
8f278066-236f-4665-b9e2-9972597221e0,81f7dd70-8a34-4d89-b097-01c124cdd41b,₹1748.11 debited to Swiggy on 02-Sep-2025 18:23 via UPI Ref 7508843326,,Swiggy,0.3418,AUTO
365bca05-a9c7-4bc8-9601-2e512c985096,81f7dd70-8a34-4d89-b097-01c124cdd41b,₹15000.0 debited to House Owner on 30-Nov-2025 18:21 via UPI Ref 2805245245,,House Owner,0.2137,AUTO
a188f314-2686-46c4-9052-a8e24ef6cb17,81f7dd70-8a34-4d89-b097-01c124cdd41b,₹1906.73 debited to BookMyShow on 14-Dec-2025 18:46 via UPI Ref 1121240857,,BookMyShow,0.23,AUTO
40829b5d-4dd0-4ea9-aaa7-353d8dc8f99d,81f7dd70-8a34-4d89-b097-01c124cdd41b,₹15000.0 debited to House Owner on 16-Oct-2025 01:56 via UPI Ref 1195772555,,House Owner,0.177,AUTO
c72a34ae-a31b-4ef4-bb20-d26ded7deb1a,81f7dd70-8a34-4d89-b097-01c124cdd41b,₹611.36 debited to Spotify on 09-Jan-2026 10:31 via UPI Ref 7495790192,,Spotify,0.4125,AUTO
62deae7b-d24a-491b-9abd-5804fcc4c5fd,81f7dd70-8a34-4d89-b097-01c124cdd41b,₹337.7 debited to DMart on 06-Feb-2026 19:31 via UPI Ref 8604605357,,DMart,0.1961,AUTO
e950817c-7b36-466d-a0e0-ff2585d9ff15,81f7dd70-8a34-4d89-b097-01c124cdd41b,₹1332.47 debited to McDonalds on 18-Jan-2026 15:05 via UPI Ref 7392938989,,McDonalds,0.2082,AUTO
f587036a-c5f2-4b3d-b674-fd7326def9ee,81f7dd70-8a34-4d89-b097-01c124cdd41b,₹42058.57 credited to Company Payroll on 14-Jan-2026 07:02 via UPI Ref 4801969443,,Company Payroll,0.1646,AUTO
3046ee8c-20fc-4e9a-a75f-1aaf3e39b751,81f7dd70-8a34-4d89-b097-01c124cdd41b,₹1887.41 debited to BookMyShow on 31-Jan-2026 00:16 via UPI Ref 2920878259,,BookMyShow,0.1527,AUTO
8f53421e-ae4f-494d-af7a-fb61449b0311,81f7dd70-8a34-4d89-b097-01c124cdd41b,₹74002.82 credited to Company Payroll on 26-Dec-2025 07:06 via UPI Ref 8312344129,,Company Payroll,0.1603,AUTO
0059a1c3-3c7a-4cd6-adac-bef0080e40eb,81f7dd70-8a34-4d89-b097-01c124cdd41b,₹78869.64 credited to Company Payroll on 12-Oct-2025 21:25 via UPI Ref 9058461880,,Company Payroll,0.1616,AUTO
089b5c06-ade3-436d-a56f-ac10ba7e6a81,81f7dd70-8a34-4d89-b097-01c124cdd41b,₹490.5 debited to Myntra on 08-Jan-2026 21:50 via UPI Ref 1053336726,,Myntra,0.2187,AUTO
7445f65a-111f-4d03-aae1-0bb8fd956c56,81f7dd70-8a34-4d89-b097-01c124cdd41b,₹3189.39 debited to PokerStars on 07-Oct-2025 07:30 via UPI Ref 7466201476,,PokerStars,0.1723,AUTO
ee5e381f-9853-4587-bc55-f047d1bb72a5,81f7dd70-8a34-4d89-b097-01c124cdd41b,₹1067.19 debited to Swiggy on 07-Sep-2025 15:46 via UPI Ref 8253147619,,Swiggy,0.3417,AUTO
6f1c2a25-e0ce-45c5-a239-93f91a0d26c5,81f7dd70-8a34-4d89-b097-01c124cdd41b,₹927.26 debited to Ola on 29-Sep-2025 01:31 via UPI Ref 3932679334,,Ola,0.2801,AUTO
a1deb842-b7d8-4a58-955d-091e9f86d659,81f7dd70-8a34-4d89-b097-01c124cdd41b,₹1555.65 debited to BigBasket on 18-Jan-2026 04:06 via UPI Ref 2468183664,,BigBasket,0.1818,AUTO
fa7278e1-99de-43da-b4f5-33aa3a8003ed,81f7dd70-8a34-4d89-b097-01c124cdd41b,₹1259.1 debited to McDonalds on 15-Dec-2025 05:31 via UPI Ref 9991826766,,McDonalds,0.1788,AUTO
4980a4e0-d396-4782-bd0f-d5bb98a2a15b,81f7dd70-8a34-4d89-b097-01c124cdd41b,₹643.61 debited to DMart on 25-Oct-2025 02:07 via UPI Ref 1925174102,,DMart,0.1676,AUTO
f63a57ec-81b2-4b59-97f8-c848ef4420f8,81f7dd70-8a34-4d89-b097-01c124cdd41b,₹1658.76 debited to Spotify on 05-Feb-2026 04:59 via UPI Ref 8109174878,,Spotify,0.3934,AUTO
aa407b58-8737-4129-8406-b1dc869b3e29,81f7dd70-8a34-4d89-b097-01c124cdd41b,₹1434.01 debited to PokerStars on 16-Dec-2025 13:59 via UPI Ref 1203219652,,PokerStars,0.1948,AUTO
a72e8333-bab0-4579-bcb8-37aeddd63185,81f7dd70-8a34-4d89-b097-01c124cdd41b,₹389.5 debited to Myntra on 18-Dec-2025 13:32 via UPI Ref 2299786215,,Myntra,0.251,AUTO
08bd6c7f-a74e-4c61-8d96-10b5451a4ab0,81f7dd70-8a34-4d89-b097-01c124cdd41b,₹1077.2 debited to Amazon on 01-Sep-2025 00:21 via UPI Ref 1740315089,,Amazon,0.4009,AUTO
749ee39d-d47a-47ef-9a3a-6f581e67f6c5,81f7dd70-8a34-4d89-b097-01c124cdd41b,₹326.26 debited to Amazon on 06-Nov-2025 05:58 via UPI Ref 1903760687,,Amazon,0.3408,AUTO
7108ff2c-7441-4734-91a6-42a52294c9ad,81f7dd70-8a34-4d89-b097-01c124cdd41b,₹1021.42 debited to Amazon on 01-Dec-2025 04:04 via UPI Ref 5094479704,,Amazon,0.2633,AUTO
edea6ae7-1f9f-4e45-a4e0-f59c720f3107,81f7dd70-8a34-4d89-b097-01c124cdd41b,₹4690.7 debited to Bet365 on 03-Sep-2025 09:18 via UPI Ref 6723139891,,Bet365,0.2099,AUTO
b5e7d1c7-fc5f-4223-82eb-ecc737a6985c,81f7dd70-8a34-4d89-b097-01c124cdd41b,₹1590.32 debited to DMart on 12-Nov-2025 12:40 via UPI Ref 9242477063,,DMart,0.1936,AUTO
dd24b58b-ee4b-4d4a-9df1-5c7628a434fe,81f7dd70-8a34-4d89-b097-01c124cdd41b,₹351.32 debited to Rapido on 12-Oct-2025 20:19 via UPI Ref 6089046943,,Rapido,0.2583,AUTO
e40e7f90-6d98-49ab-935f-d3d15dc8246e,81f7dd70-8a34-4d89-b097-01c124cdd41b,₹15000.0 debited to House Owner on 17-Sep-2025 17:20 via UPI Ref 9618632349,,House Owner,0.1674,AUTO
e8b6c28e-56c2-4d0a-bb26-f544eb92038b,81f7dd70-8a34-4d89-b097-01c124cdd41b,₹15000.0 debited to House Owner on 17-Jan-2026 20:40 via UPI Ref 2639821542,,House Owner,0.1835,AUTO
92fecab2-377b-48a1-80ee-08451ddbeb72,81f7dd70-8a34-4d89-b097-01c124cdd41b,₹1259.8 debited to Airtel on 06-Nov-2025 19:24 via UPI Ref 1323622471,,Airtel,0.3902,AUTO
994c58f6-3e11-4202-91eb-f1dca136e3b2,81f7dd70-8a34-4d89-b097-01c124cdd41b,₹599.11 debited to Water Supply on 07-Oct-2025 20:23 via UPI Ref 8970133993,,Water Supply,0.2861,AUTO
15c3b4a3-7e88-46c1-92b5-c04c85ac64be,81f7dd70-8a34-4d89-b097-01c124cdd41b,₹380.98 debited to BigBasket on 30-Nov-2025 23:44 via UPI Ref 6490204621,,BigBasket,0.2104,AUTO
a32af0d0-bbdc-4f9c-84d9-0c1be0c20340,81f7dd70-8a34-4d89-b097-01c124cdd41b,₹1381.19 debited to Netflix on 22-Nov-2025 12:20 via UPI Ref 4737926705,,Netflix,0.3084,AUTO
eb6bd76f-4326-4de5-90a2-de1e1c0b2f7b,81f7dd70-8a34-4d89-b097-01c124cdd41b,₹1087.23 debited to Rapido on 19-Nov-2025 06:52 via UPI Ref 7728598188,,Rapido,0.2737,AUTO
e535fb67-0429-4706-9448-7f2ab708e06d,81f7dd70-8a34-4d89-b097-01c124cdd41b,₹38909.02 credited to Company Payroll on 16-Nov-2025 05:25 via UPI Ref 2517437203,,Company Payroll,0.1871,AUTO
cebd0b6e-d4d8-4424-8285-ffa6ae3000df,81f7dd70-8a34-4d89-b097-01c124cdd41b,₹1138.93 debited to DMart on 18-Nov-2025 13:21 via UPI Ref 6552459257,,DMart,0.1645,AUTO
d236a223-563c-4b60-adb1-139a67ce5733,81f7dd70-8a34-4d89-b097-01c124cdd41b,₹1759.75 debited to Amazon on 15-Oct-2025 07:30 via UPI Ref 4837493450,,Amazon,0.4021,AUTO
3e090d85-d5a5-4771-ada8-87268cc67fd7,81f7dd70-8a34-4d89-b097-01c124cdd41b,₹1603.69 debited to Rapido on 24-Nov-2025 22:38 via UPI Ref 3983601633,,Rapido,0.2162,AUTO
dc6491f2-f6a6-4f7f-a66d-c8a026b9b315,81f7dd70-8a34-4d89-b097-01c124cdd41b,₹1313.3 debited to Netflix on 28-Nov-2025 08:36 via UPI Ref 2916962949,,Netflix,0.3345,AUTO
21e2b1e4-25a1-4660-b640-f0cd14b6c1eb,81f7dd70-8a34-4d89-b097-01c124cdd41b,₹1786.16 debited to Uber on 24-Oct-2025 02:16 via UPI Ref 3653859069,,Uber,0.2352,AUTO
bad3170a-0971-4203-9d58-49485e59080f,81f7dd70-8a34-4d89-b097-01c124cdd41b,₹1732.21 debited to Ola on 20-Jan-2026 10:12 via UPI Ref 2824589888,,Ola,0.3292,AUTO
21d1055d-d802-43fa-9f72-676ffaff620b,81f7dd70-8a34-4d89-b097-01c124cdd41b,₹1311.96 debited to Reliance Fresh on 22-Dec-2025 01:54 via UPI Ref 2529270661,,Reliance Fresh,0.1964,AUTO
a923ae31-f335-43d3-9d86-ade95e723ca3,81f7dd70-8a34-4d89-b097-01c124cdd41b,₹3678.1 debited to Dream11 on 24-Jan-2026 16:50 via UPI Ref 3635600809,,Dream11,0.1979,AUTO
4d720b4d-9a53-493a-80ce-bc2ba6e2364c,81f7dd70-8a34-4d89-b097-01c124cdd41b,₹840.82 debited to Myntra on 13-Dec-2025 22:53 via UPI Ref 9112822612,,Myntra,0.2848,AUTO
148e6188-75dd-495d-bc91-7def1ee9061e,81f7dd70-8a34-4d89-b097-01c124cdd41b,₹396.06 debited to Zomato on 06-Oct-2025 00:09 via UPI Ref 9244908440,,Zomato,0.2696,AUTO
cbf0167d-a239-4626-9850-c8f34fecd152,81f7dd70-8a34-4d89-b097-01c124cdd41b,₹192.59 debited to Netflix on 15-Nov-2025 09:03 via UPI Ref 4590309903,,Netflix,0.3574,AUTO
9b217d21-d729-4dcb-9fac-205b10d15be9,81f7dd70-8a34-4d89-b097-01c124cdd41b,₹15000.0 debited to House Owner on 27-Nov-2025 14:34 via UPI Ref 6999861572,,House Owner,0.198,AUTO
b845c0d4-8526-4195-9a89-eddcd5d53fd8,81f7dd70-8a34-4d89-b097-01c124cdd41b,₹1868.27 debited to Electricity Board on 26-Dec-2025 13:59 via UPI Ref 2719349899,,Electricity Board,0.3933,AUTO
46cbf8aa-390e-43cf-a373-0d5a118f96a3,81f7dd70-8a34-4d89-b097-01c124cdd41b,₹68795.26 credited to Company Payroll on 14-Nov-2025 12:23 via UPI Ref 9826576133,,Company Payroll,0.1746,AUTO
8dad8b63-70e3-4ffd-8545-5a776f48c57c,81f7dd70-8a34-4d89-b097-01c124cdd41b,₹839.15 debited to Netflix on 25-Sep-2025 00:01 via UPI Ref 1274097089,,Netflix,0.4185,AUTO
2e8a1b58-577c-494b-8813-aff3734c1c01,81f7dd70-8a34-4d89-b097-01c124cdd41b,₹15000.0 debited to House Owner on 28-Sep-2025 19:40 via UPI Ref 3936905970,,House Owner,0.2117,AUTO
39be6780-1eee-4fdd-8d50-0dbb5d60343d,81f7dd70-8a34-4d89-b097-01c124cdd41b,₹621.64 debited to Swiggy on 21-Aug-2025 11:29 via UPI Ref 4264162991,,Swiggy,0.2685,AUTO
2a528feb-bbdf-4f1d-aabd-247295b83b74,81f7dd70-8a34-4d89-b097-01c124cdd41b,₹285.55 debited to Zomato on 09-Jan-2026 15:38 via UPI Ref 8208510217,,Zomato,0.3749,AUTO
7459a638-d70d-4e25-92ef-83ca02550e18,81f7dd70-8a34-4d89-b097-01c124cdd41b,₹928.95 debited to Electricity Board on 04-Dec-2025 02:32 via UPI Ref 9489797371,,Electricity Board,0.3975,AUTO
e5c1b72f-857a-4de8-b97f-0a1802c37a16,81f7dd70-8a34-4d89-b097-01c124cdd41b,₹940.73 debited to Ola on 24-Nov-2025 21:32 via UPI Ref 4701536973,,Ola,0.3564,AUTO
1fb76750-5e6b-402a-b8e0-6bcd9e7e5848,81f7dd70-8a34-4d89-b097-01c124cdd41b,₹441.77 debited to BigBasket on 28-Dec-2025 21:03 via UPI Ref 9873021707,,BigBasket,0.1746,AUTO
33f771c4-07f6-4425-9d5b-a0f917802d44,81f7dd70-8a34-4d89-b097-01c124cdd41b,₹787.66 debited to Flipkart on 09-Dec-2025 20:46 via UPI Ref 7890810651,,Flipkart,0.3663,AUTO
0fc12eae-d4ed-4ae0-84cf-50fc8c4bb797,81f7dd70-8a34-4d89-b097-01c124cdd41b,₹896.93 debited to BookMyShow on 23-Dec-2025 15:44 via UPI Ref 8079965734,,BookMyShow,0.1777,AUTO
93a1ae09-8df7-4a98-a647-a78c6eb95fa1,81f7dd70-8a34-4d89-b097-01c124cdd41b,₹750.16 debited to BookMyShow on 09-Sep-2025 10:11 via UPI Ref 4510150762,,BookMyShow,0.2634,AUTO
45cfc098-eb4c-493f-bd8c-f6ee5d43a8d8,81f7dd70-8a34-4d89-b097-01c124cdd41b,₹958.23 debited to Airtel on 07-Dec-2025 20:53 via UPI Ref 8492958556,,Airtel,0.4946,AUTO
3448bb29-1fce-465d-a200-48576055715e,81f7dd70-8a34-4d89-b097-01c124cdd41b,₹616.12 debited to Spotify on 26-Nov-2025 00:23 via UPI Ref 7247016475,,Spotify,0.3803,AUTO
d993e191-a021-45eb-86ab-021b289a26f6,81f7dd70-8a34-4d89-b097-01c124cdd41b,₹496.05 debited to Myntra on 15-Dec-2025 17:11 via UPI Ref 2120841779,,Myntra,0.3047,AUTO
384aeac8-738f-4bc8-9a1e-dbcc024039e2,81f7dd70-8a34-4d89-b097-01c124cdd41b,₹1297.9 debited to BigBasket on 23-Aug-2025 11:34 via UPI Ref 8418932606,,BigBasket,0.1873,AUTO
4c346831-3c35-4323-afab-8af25d595ed2,81f7dd70-8a34-4d89-b097-01c124cdd41b,₹448.17 debited to Flipkart on 21-Nov-2025 17:18 via UPI Ref 4262480047,,Flipkart,0.2246,AUTO
faf9af5d-34fe-46d3-8e96-b94f0ee41e13,81f7dd70-8a34-4d89-b097-01c124cdd41b,₹385.03 debited to Jio on 30-Oct-2025 05:03 via UPI Ref 3238071093,,Jio,0.2017,AUTO
c73c16f5-15f4-4101-a842-576db9e50892,81f7dd70-8a34-4d89-b097-01c124cdd41b,₹1723.87 debited to Zomato on 25-Aug-2025 21:44 via UPI Ref 2113923567,,Zomato,0.2711,AUTO
8c14988a-01ee-4f52-a48e-62402d56bb47,81f7dd70-8a34-4d89-b097-01c124cdd41b,₹1994.84 debited to DMart on 11-Jan-2026 14:58 via UPI Ref 2771041899,,DMart,0.1872,AUTO
c3a88e1e-edae-4126-9fb4-893da79b1298,81f7dd70-8a34-4d89-b097-01c124cdd41b,₹1183.13 debited to Reliance Fresh on 15-Jan-2026 19:39 via UPI Ref 8191008048,,Reliance Fresh,0.2328,AUTO
4ae77348-7456-4e79-b5ec-3ff9ef989ce8,81f7dd70-8a34-4d89-b097-01c124cdd41b,₹977.98 debited to Reliance Fresh on 14-Nov-2025 10:04 via UPI Ref 6396622463,,Reliance Fresh,0.1804,AUTO
79bc28c6-e9b1-415c-b06a-61069ecd2668,81f7dd70-8a34-4d89-b097-01c124cdd41b,₹1645.13 debited to Swiggy on 09-Jan-2026 08:48 via UPI Ref 3633255781,,Swiggy,0.3064,AUTO
0fcda4d5-2fd9-4f4e-8adf-eb2934dd7d5f,81f7dd70-8a34-4d89-b097-01c124cdd41b,₹426.24 debited to Myntra on 01-Jan-2026 14:36 via UPI Ref 8802378509,,Myntra,0.2201,AUTO
519f9e9d-636b-477e-a909-f1e3f57ba1d1,81f7dd70-8a34-4d89-b097-01c124cdd41b,₹358.45 debited to Dominos on 25-Oct-2025 02:23 via UPI Ref 7494993594,,Dominos,0.3264,AUTO
466c4973-1911-4483-a217-eccafa723ab2,81f7dd70-8a34-4d89-b097-01c124cdd41b,₹15000.0 debited to House Owner on 27-Dec-2025 19:31 via UPI Ref 7131364772,,House Owner,0.1861,AUTO
a0aeb99b-e759-4865-9e8f-e16e50df1249,81f7dd70-8a34-4d89-b097-01c124cdd41b,₹1415.18 debited to BigBasket on 22-Jan-2026 03:09 via UPI Ref 5085214963,,BigBasket,0.2044,AUTO
ab4fe9ff-4759-4a58-9137-6b7321e25bc1,81f7dd70-8a34-4d89-b097-01c124cdd41b,₹1517.39 debited to Reliance Fresh on 20-Sep-2025 14:09 via UPI Ref 7497342417,,Reliance Fresh,0.1849,AUTO
8dad037d-b2d1-46df-aa1d-f3c5f7099eaf,81f7dd70-8a34-4d89-b097-01c124cdd41b,₹242.99 debited to MedPlus on 14-Oct-2025 05:05 via UPI Ref 8001526326,,MedPlus,0.166,AUTO
85a188b5-db29-4a41-8e20-f9be8b9bb199,81f7dd70-8a34-4d89-b097-01c124cdd41b,₹876.83 debited to Electricity Board on 13-Jan-2026 15:50 via UPI Ref 5055995802,,Electricity Board,0.3548,AUTO
71781f54-f368-426f-9cf0-72030296324c,81f7dd70-8a34-4d89-b097-01c124cdd41b,₹566.14 debited to DMart on 06-Nov-2025 17:35 via UPI Ref 8300100533,,DMart,0.1546,AUTO
282491a8-149d-41c2-a8ad-b52875062d5f,81f7dd70-8a34-4d89-b097-01c124cdd41b,₹983.03 debited to McDonalds on 10-Nov-2025 04:48 via UPI Ref 7735043431,,McDonalds,0.1639,AUTO
ba885446-45e0-40e4-ac9d-b9f100eb3765,81f7dd70-8a34-4d89-b097-01c124cdd41b,₹1580.62 debited to McDonalds on 21-Oct-2025 20:12 via UPI Ref 5136945312,,McDonalds,0.1818,AUTO
725dfb8d-50c4-4d7b-aecb-c0746e341f89,81f7dd70-8a34-4d89-b097-01c124cdd41b,₹3457.27 debited to Bet365 on 31-Oct-2025 22:00 via UPI Ref 6810285793,,Bet365,0.1677,AUTO
aaa0ec10-ac0f-4b2a-843b-6e58dd05c43c,81f7dd70-8a34-4d89-b097-01c124cdd41b,₹1117.32 debited to Dominos on 24-Aug-2025 01:31 via UPI Ref 9709176770,,Dominos,0.2467,AUTO
289244bb-ea18-4534-bf52-7d0d3279fe37,81f7dd70-8a34-4d89-b097-01c124cdd41b,₹750.75 debited to Reliance Fresh on 14-Jan-2026 13:47 via UPI Ref 5160790113,,Reliance Fresh,0.1918,AUTO
93240a46-b508-4cf6-bf77-e6607c2c8e81,81f7dd70-8a34-4d89-b097-01c124cdd41b,₹369.12 debited to BookMyShow on 08-Jan-2026 17:27 via UPI Ref 6771909855,,BookMyShow,0.1685,AUTO
54533337-66ed-4829-919b-e6af7f6b8b0e,81f7dd70-8a34-4d89-b097-01c124cdd41b,₹986.87 debited to Apollo Pharmacy on 24-Oct-2025 21:34 via UPI Ref 4716416233,,Apollo Pharmacy,0.4176,AUTO
44934059-d3ee-44ef-a17d-2016298b3070,81f7dd70-8a34-4d89-b097-01c124cdd41b,₹163.42 debited to BigBasket on 17-Dec-2025 13:16 via UPI Ref 9510422668,,BigBasket,0.1868,AUTO
4d5fc6ed-18a4-4a3b-9d58-5b494c8bcaef,81f7dd70-8a34-4d89-b097-01c124cdd41b,₹81.31 debited to Rapido on 24-Dec-2025 05:10 via UPI Ref 2317098404,,Rapido,0.2362,AUTO
94d17cd8-79cb-440a-98c3-f349dca77937,81f7dd70-8a34-4d89-b097-01c124cdd41b,₹1640.57 debited to Electricity Board on 27-Aug-2025 03:42 via UPI Ref 4513017113,,Electricity Board,0.2738,AUTO
9fb083e9-30a2-48a7-b9f2-e5d2a3e79766,81f7dd70-8a34-4d89-b097-01c124cdd41b,₹1924.98 debited to Reliance Fresh on 28-Jan-2026 15:16 via UPI Ref 5653821176,,Reliance Fresh,0.1713,AUTO
adb9c438-3767-466f-acb8-b3ff5357b31d,81f7dd70-8a34-4d89-b097-01c124cdd41b,₹66278.28 credited to Company Payroll on 23-Sep-2025 06:50 via UPI Ref 9309966349,,Company Payroll,0.1889,AUTO
c61e5f43-08fe-45ff-87fd-93df2bbdb4a9,81f7dd70-8a34-4d89-b097-01c124cdd41b,₹54911.35 credited to Company Payroll on 28-Jan-2026 13:46 via UPI Ref 8674709210,,Company Payroll,0.1808,AUTO
f0ea190d-0194-46cf-a820-eff09f047f87,81f7dd70-8a34-4d89-b097-01c124cdd41b,₹66.39 debited to DMart on 04-Nov-2025 01:35 via UPI Ref 1687938169,,DMart,0.1958,AUTO
ec35d93e-791e-4c93-aa53-f919547a4b0f,81f7dd70-8a34-4d89-b097-01c124cdd41b,₹32949.04 credited to Company Payroll on 28-Dec-2025 15:38 via UPI Ref 5100337048,,Company Payroll,0.1659,AUTO
06497c53-c276-4525-a48b-2efccd6ea2cc,81f7dd70-8a34-4d89-b097-01c124cdd41b,₹1645.94 debited to BigBasket on 30-Jan-2026 17:22 via UPI Ref 3651907838,,BigBasket,0.1779,AUTO
49f99287-f831-4a96-a7ee-50e641ebd020,81f7dd70-8a34-4d89-b097-01c124cdd41b,₹1667.13 debited to Amazon on 19-Nov-2025 02:24 via UPI Ref 5521503055,,Amazon,0.3577,AUTO
17ad5d2e-1a20-417a-9459-91544c263aa3,81f7dd70-8a34-4d89-b097-01c124cdd41b,₹739.7 debited to McDonalds on 25-Oct-2025 15:12 via UPI Ref 3015653910,,McDonalds,0.1757,AUTO
b65f1275-2ce4-4a0f-ac65-57c4d5012b33,81f7dd70-8a34-4d89-b097-01c124cdd41b,₹1695.18 debited to Apollo Pharmacy on 19-Aug-2025 11:40 via UPI Ref 7335350107,,Apollo Pharmacy,0.4322,AUTO
5552856f-17e3-41c6-8a68-fadf6d1d8ea7,81f7dd70-8a34-4d89-b097-01c124cdd41b,₹79.45 debited to Ola on 30-Aug-2025 05:00 via UPI Ref 5687944928,,Ola,0.314,AUTO
cf61c79e-e2d1-475d-b03e-cf2d5efeac86,81f7dd70-8a34-4d89-b097-01c124cdd41b,₹4966.9 debited to PokerStars on 22-Aug-2025 09:36 via UPI Ref 8491392644,,PokerStars,0.159,AUTO
3f6a3753-2bad-4638-a27f-76208646843d,81f7dd70-8a34-4d89-b097-01c124cdd41b,₹2557.92 debited to Bet365 on 09-Jan-2026 06:20 via UPI Ref 5951277636,,Bet365,0.1913,AUTO
af5637b9-e386-4851-8161-b95ec56c104b,81f7dd70-8a34-4d89-b097-01c124cdd41b,₹615.57 debited to Dominos on 18-Jan-2026 02:55 via UPI Ref 9087217256,,Dominos,0.4011,AUTO
7ea8f87a-6368-4614-b162-bc3b7c78d232,81f7dd70-8a34-4d89-b097-01c124cdd41b,₹15000.0 debited to House Owner on 18-Nov-2025 16:02 via UPI Ref 1802864774,,House Owner,0.1688,AUTO
f7bd971d-5121-4d43-b951-e46388b196ae,81f7dd70-8a34-4d89-b097-01c124cdd41b,₹1236.86 debited to Dominos on 16-Sep-2025 22:44 via UPI Ref 1145221255,,Dominos,0.2825,AUTO
ace2282f-aaa5-4d1f-8f91-6759736f2c2d,81f7dd70-8a34-4d89-b097-01c124cdd41b,₹15000.0 debited to House Owner on 30-Aug-2025 03:35 via UPI Ref 4292294886,,House Owner,0.1796,AUTO
08d21662-774a-4d9d-ad6c-ec692e84b45e,81f7dd70-8a34-4d89-b097-01c124cdd41b,₹15000.0 debited to House Owner on 05-Nov-2025 02:23 via UPI Ref 7565514645,,House Owner,0.2412,AUTO
771e9ee4-4e23-4418-b589-9f1475cff250,81f7dd70-8a34-4d89-b097-01c124cdd41b,₹941.67 debited to Airtel on 25-Oct-2025 10:33 via UPI Ref 7839496231,,Airtel,0.3361,AUTO
ea0e585d-d4f5-4014-bd77-f0dcc3a2f9a9,81f7dd70-8a34-4d89-b097-01c124cdd41b,₹380.83 debited to Apollo Pharmacy on 28-Nov-2025 22:12 via UPI Ref 3150093995,,Apollo Pharmacy,0.4125,AUTO
f8b06516-eb63-4546-9613-33273fbc3183,81f7dd70-8a34-4d89-b097-01c124cdd41b,₹1038.92 debited to Dominos on 19-Aug-2025 06:20 via UPI Ref 2353778934,,Dominos,0.2586,AUTO
98d64f85-27bc-4723-9f65-1dd27c97a663,81f7dd70-8a34-4d89-b097-01c124cdd41b,₹1481.73 debited to Ola on 12-Nov-2025 15:01 via UPI Ref 9793349655,,Ola,0.334,AUTO
9a5d4510-7757-4421-a32e-07242dbae6fc,81f7dd70-8a34-4d89-b097-01c124cdd41b,₹1920.55 debited to Myntra on 29-Nov-2025 14:43 via UPI Ref 8172040372,,Myntra,0.2039,AUTO
60f045cc-ef17-474f-b5a1-2169240cb920,81f7dd70-8a34-4d89-b097-01c124cdd41b,₹153.63 debited to BigBasket on 15-Nov-2025 19:03 via UPI Ref 7053900080,,BigBasket,0.1792,AUTO
e53eb9b5-47c4-4f7f-ac29-2776d1690d79,81f7dd70-8a34-4d89-b097-01c124cdd41b,₹500.04 debited to McDonalds on 01-Oct-2025 10:10 via UPI Ref 9774676095,,McDonalds,0.1864,AUTO
38ca11e1-33b8-4e1e-93c1-e3b82acbead7,81f7dd70-8a34-4d89-b097-01c124cdd41b,₹15000.0 debited to House Owner on 18-Jan-2026 09:39 via UPI Ref 9950024523,,House Owner,0.1683,AUTO
37c22c06-4f2a-41fb-9d13-201a65dc0f5a,81f7dd70-8a34-4d89-b097-01c124cdd41b,₹536.72 debited to Airtel on 24-Sep-2025 07:19 via UPI Ref 1774710018,,Airtel,0.4012,AUTO
acd16a42-200b-42f5-bd1c-5511a2596691,81f7dd70-8a34-4d89-b097-01c124cdd41b,₹505.8 debited to Amazon on 10-Nov-2025 21:00 via UPI Ref 5649948604,,Amazon,0.4516,AUTO
ef1533e8-054d-4b92-9ce9-a084a98ddc1e,81f7dd70-8a34-4d89-b097-01c124cdd41b,₹693.83 debited to Jio on 15-Sep-2025 19:18 via UPI Ref 2305548571,,Jio,0.2822,AUTO
e548baed-09de-4041-9f5c-42466cab8874,81f7dd70-8a34-4d89-b097-01c124cdd41b,₹1618.63 debited to Reliance Fresh on 26-Dec-2025 01:07 via UPI Ref 9408969198,,Reliance Fresh,0.2074,AUTO
c6c945c2-1f80-4ab1-96a2-067ae2977754,81f7dd70-8a34-4d89-b097-01c124cdd41b,₹669.99 debited to Apollo Pharmacy on 01-Sep-2025 03:37 via UPI Ref 7760269338,,Apollo Pharmacy,0.3592,AUTO
cc065e2a-6a15-4d5d-afcf-12ffdf1ff4fc,81f7dd70-8a34-4d89-b097-01c124cdd41b,₹509.33 debited to Airtel on 26-Nov-2025 02:05 via UPI Ref 2124836239,,Airtel,0.2831,AUTO
062bde2f-bf7d-48a2-b71d-d75bd14f52e0,81f7dd70-8a34-4d89-b097-01c124cdd41b,₹662.22 debited to Rapido on 19-Aug-2025 08:28 via UPI Ref 4921997707,,Rapido,0.2475,AUTO
2e976384-8db6-492d-9066-72d55478c299,81f7dd70-8a34-4d89-b097-01c124cdd41b,₹1987.89 debited to Zomato on 31-Dec-2025 21:02 via UPI Ref 9972233476,,Zomato,0.3423,AUTO
49c79e14-37f5-4bda-8a16-d1183a84a996,81f7dd70-8a34-4d89-b097-01c124cdd41b,₹48311.43 credited to Company Payroll on 24-Aug-2025 16:38 via UPI Ref 8606807493,,Company Payroll,0.2043,AUTO
046873ff-5e46-4586-9108-c32f062497d4,81f7dd70-8a34-4d89-b097-01c124cdd41b,₹1331.04 debited to Dominos on 02-Oct-2025 01:23 via UPI Ref 7655826414,,Dominos,0.3859,AUTO
e31b63ee-77d6-4e04-ae3f-29bb77fbb5d2,81f7dd70-8a34-4d89-b097-01c124cdd41b,₹416.7 debited to Ola on 29-Oct-2025 15:32 via UPI Ref 2799365444,,Ola,0.3078,AUTO
44695e24-2299-456e-9b24-2dc9802203f5,81f7dd70-8a34-4d89-b097-01c124cdd41b,₹15000.0 debited to House Owner on 03-Sep-2025 20:46 via UPI Ref 5689091528,,House Owner,0.1631,AUTO
82b809e9-b95c-4e1d-9174-398a5c78f7a7,81f7dd70-8a34-4d89-b097-01c124cdd41b,₹113.19 debited to Reliance Fresh on 11-Sep-2025 08:12 via UPI Ref 2036533817,,Reliance Fresh,0.2176,AUTO
0dd7cbe2-9b75-4df6-b504-293abf579b1b,81f7dd70-8a34-4d89-b097-01c124cdd41b,₹593.41 debited to Flipkart on 03-Feb-2026 18:14 via UPI Ref 1138496013,,Flipkart,0.2683,AUTO
d4e536db-20be-43b1-a3c7-b798947fba46,81f7dd70-8a34-4d89-b097-01c124cdd41b,₹1914.53 debited to Dominos on 13-Nov-2025 15:29 via UPI Ref 1579973069,,Dominos,0.2753,AUTO
409d5b87-7a26-4911-a4c8-78e310c3b701,81f7dd70-8a34-4d89-b097-01c124cdd41b,₹1539.73 debited to Reliance Fresh on 15-Jan-2026 18:04 via UPI Ref 4705133107,,Reliance Fresh,0.2076,AUTO
a52f2396-f03e-4b27-8c8f-2f7f12e30ee7,81f7dd70-8a34-4d89-b097-01c124cdd41b,₹112.57 debited to Reliance Fresh on 18-Aug-2025 21:40 via UPI Ref 3905978174,,Reliance Fresh,0.1795,AUTO
820ae0c5-e6c4-4c58-8e24-fdc8643ad621,81f7dd70-8a34-4d89-b097-01c124cdd41b,₹1673.3 debited to Reliance Fresh on 15-Nov-2025 00:04 via UPI Ref 4160610539,,Reliance Fresh,0.1735,AUTO
b758bd7b-aa66-4528-ad3d-884b2304778b,81f7dd70-8a34-4d89-b097-01c124cdd41b,₹116.84 debited to BigBasket on 06-Jan-2026 03:54 via UPI Ref 5702272401,,BigBasket,0.1654,AUTO
9b7517d9-99ea-42ae-b92d-50cae51706d7,81f7dd70-8a34-4d89-b097-01c124cdd41b,₹1489.19 debited to McDonalds on 02-Oct-2025 08:37 via UPI Ref 9677615564,,McDonalds,0.1941,AUTO
16422248-7688-4f0c-b70f-37eee2c14a30,81f7dd70-8a34-4d89-b097-01c124cdd41b,₹1215.33 debited to Netflix on 22-Sep-2025 03:02 via UPI Ref 2275244460,,Netflix,0.3482,AUTO
341ec154-872d-472f-baaf-a7c5cd4a2d43,81f7dd70-8a34-4d89-b097-01c124cdd41b,₹138.93 debited to Airtel on 17-Aug-2025 07:58 via UPI Ref 6503737700,,Airtel,0.344,AUTO
bd5d0343-c390-46f0-9a14-319cef03217a,81f7dd70-8a34-4d89-b097-01c124cdd41b,₹73.72 debited to Reliance Fresh on 10-Nov-2025 08:05 via UPI Ref 6882461050,,Reliance Fresh,0.1739,AUTO
48cd0b7c-f0cc-4754-8c49-10924e6992af,81f7dd70-8a34-4d89-b097-01c124cdd41b,₹863.45 debited to Uber on 29-Aug-2025 10:47 via UPI Ref 8190798090,,Uber,0.3031,AUTO
b5cbdd19-147e-4d14-bb77-b640911e968d,81f7dd70-8a34-4d89-b097-01c124cdd41b,₹988.77 debited to Flipkart on 28-Jan-2026 14:47 via UPI Ref 5253335951,,Flipkart,0.43,AUTO
a8d4626f-a52c-4ed4-8d6f-ee9be748a9a0,81f7dd70-8a34-4d89-b097-01c124cdd41b,₹508.1 debited to Ola on 26-Sep-2025 10:53 via UPI Ref 7757893438,,Ola,0.355,AUTO
ef1febdd-a1f3-4597-9c3d-bff2951e7d00,81f7dd70-8a34-4d89-b097-01c124cdd41b,₹851.1 debited to Electricity Board on 05-Feb-2026 11:56 via UPI Ref 3680589440,,Electricity Board,0.3709,AUTO
99543b7d-f750-42f3-b154-bb4ca3ed70da,81f7dd70-8a34-4d89-b097-01c124cdd41b,₹867.83 debited to Rapido on 22-Aug-2025 23:02 via UPI Ref 4746776806,,Rapido,0.1763,AUTO
ba57df46-2625-48fd-a219-7ffa3df48f1a,81f7dd70-8a34-4d89-b097-01c124cdd41b,₹1882.08 debited to Amazon on 08-Oct-2025 10:24 via UPI Ref 8743868037,,Amazon,0.2385,AUTO
cbb451df-30de-402f-a0c7-da3cf6a4cf97,81f7dd70-8a34-4d89-b097-01c124cdd41b,₹1824.54 debited to Dream11 on 22-Dec-2025 06:59 via UPI Ref 1562817335,,Dream11,0.1532,AUTO
5d4ee4d5-9ec6-40e2-b1fd-9503245a4ba5,81f7dd70-8a34-4d89-b097-01c124cdd41b,₹42598.73 credited to Company Payroll on 31-Oct-2025 13:14 via UPI Ref 7912769764,,Company Payroll,0.1681,AUTO
6fd94e7a-3d92-40cd-af55-8cc479705775,81f7dd70-8a34-4d89-b097-01c124cdd41b,₹185.04 debited to Myntra on 18-Dec-2025 07:18 via UPI Ref 9835114725,,Myntra,0.1591,AUTO
ea3552a8-0da4-4363-b335-0874a7c39b16,81f7dd70-8a34-4d89-b097-01c124cdd41b,₹1816.99 debited to Ola on 03-Feb-2026 17:20 via UPI Ref 8162819216,,Ola,0.3537,AUTO
fcad92f4-7707-4ffc-a3ff-d5f197e2140b,81f7dd70-8a34-4d89-b097-01c124cdd41b,₹1721.41 debited to Amazon on 20-Dec-2025 21:56 via UPI Ref 9582492457,,Amazon,0.2898,AUTO
5f36c754-2a34-41d5-81c4-8e44fbb514ae,81f7dd70-8a34-4d89-b097-01c124cdd41b,₹1367.74 debited to BigBasket on 17-Dec-2025 11:38 via UPI Ref 1276229318,,BigBasket,0.1597,AUTO
2c25b14b-93d6-462f-8a71-5e32ae9cc218,81f7dd70-8a34-4d89-b097-01c124cdd41b,₹101.14 debited to Myntra on 09-Nov-2025 23:17 via UPI Ref 1338322357,,Myntra,0.2203,AUTO
b72d2a71-c59e-4fa0-84e0-1fb0139aa1de,81f7dd70-8a34-4d89-b097-01c124cdd41b,₹590.09 debited to DMart on 04-Dec-2025 22:13 via UPI Ref 6960111235,,DMart,0.159,AUTO
45bcc377-f717-48b3-b722-95aea59fe20f,81f7dd70-8a34-4d89-b097-01c124cdd41b,₹122.44 debited to Electricity Board on 04-Dec-2025 02:24 via UPI Ref 5241212862,,Electricity Board,0.3828,AUTO
52e4be39-e7c3-4825-b9bc-65626a3cae00,81f7dd70-8a34-4d89-b097-01c124cdd41b,₹652.28 debited to Water Supply on 26-Oct-2025 09:59 via UPI Ref 4342990303,,Water Supply,0.3261,AUTO
69806815-6c24-456c-9235-6a419a3b5086,81f7dd70-8a34-4d89-b097-01c124cdd41b,₹15000.0 debited to House Owner on 25-Aug-2025 19:24 via UPI Ref 5400979592,,House Owner,0.1718,AUTO
ba7f9fe2-6fb5-4bda-b132-fab74405604a,81f7dd70-8a34-4d89-b097-01c124cdd41b,₹932.03 debited to Reliance Fresh on 23-Sep-2025 18:42 via UPI Ref 8917529269,,Reliance Fresh,0.2534,AUTO
7f440fd3-008b-4997-8666-9f01f506240c,81f7dd70-8a34-4d89-b097-01c124cdd41b,₹65.14 debited to Jio on 04-Sep-2025 01:25 via UPI Ref 3476489624,,Jio,0.3224,AUTO
63ef4d10-ebc5-41bd-9c45-fdd633a512ad,81f7dd70-8a34-4d89-b097-01c124cdd41b,₹885.33 debited to Spotify on 05-Dec-2025 22:41 via UPI Ref 7904522182,,Spotify,0.4625,AUTO
34d30005-ac1b-43cd-ab87-5826f3afb06d,81f7dd70-8a34-4d89-b097-01c124cdd41b,₹1279.47 debited to Rapido on 18-Aug-2025 23:37 via UPI Ref 8862708580,,Rapido,0.2197,AUTO
7c888b34-0b9d-4608-8082-a6ac121ce680,81f7dd70-8a34-4d89-b097-01c124cdd41b,₹54.5 debited to Jio on 23-Dec-2025 10:27 via UPI Ref 4657510341,,Jio,0.2678,AUTO
421b1611-a163-41c7-a532-93256b597f28,81f7dd70-8a34-4d89-b097-01c124cdd41b,₹1716.19 debited to Flipkart on 26-Jan-2026 15:19 via UPI Ref 9354127678,,Flipkart,0.4484,AUTO
1b097872-b1dc-45bd-9903-ee4594f56c01,81f7dd70-8a34-4d89-b097-01c124cdd41b,₹1332.94 debited to Myntra on 03-Nov-2025 00:22 via UPI Ref 6714193051,,Myntra,0.288,AUTO
04eaf0f1-fafa-4157-a151-048730988644,81f7dd70-8a34-4d89-b097-01c124cdd41b,₹606.52 debited to Reliance Fresh on 26-Oct-2025 21:31 via UPI Ref 8547558091,,Reliance Fresh,0.1792,AUTO
955a2989-4836-4713-9a2b-2ff1fbfa981e,81f7dd70-8a34-4d89-b097-01c124cdd41b,₹201.27 debited to Spotify on 15-Oct-2025 12:05 via UPI Ref 8249522441,,Spotify,0.4757,AUTO
f83ddaa6-fe00-411f-afae-76799207336a,81f7dd70-8a34-4d89-b097-01c124cdd41b,₹867.78 debited to Swiggy on 25-Sep-2025 05:41 via UPI Ref 9551431417,,Swiggy,0.2853,AUTO
af2c9238-5dc5-436b-8c5a-3694297d459d,81f7dd70-8a34-4d89-b097-01c124cdd41b,₹1449.94 debited to Water Supply on 17-Dec-2025 07:56 via UPI Ref 6921501386,,Water Supply,0.2829,AUTO
c8d5f639-ffea-4d8c-91f7-aa4aeaf07eea,81f7dd70-8a34-4d89-b097-01c124cdd41b,₹575.89 debited to Reliance Fresh on 25-Nov-2025 04:08 via UPI Ref 2137510849,,Reliance Fresh,0.1626,AUTO
c2907f28-f640-47c4-9b69-b62d0f65a943,81f7dd70-8a34-4d89-b097-01c124cdd41b,₹1766.84 debited to Dream11 on 17-Jan-2026 18:10 via UPI Ref 2834083672,,Dream11,0.1724,AUTO
b9e9e485-a47f-437e-9da5-36ff14139975,81f7dd70-8a34-4d89-b097-01c124cdd41b,₹471.82 debited to Amazon on 25-Oct-2025 22:21 via UPI Ref 3418663961,,Amazon,0.3182,AUTO
2a8b9afd-f9a7-49ba-8e37-62434bcd2852,81f7dd70-8a34-4d89-b097-01c124cdd41b,₹58128.81 credited to Company Payroll on 27-Aug-2025 16:31 via UPI Ref 9919174496,,Company Payroll,0.164,AUTO
0854f7e5-25f9-4fdc-bc81-9eda36d5970a,81f7dd70-8a34-4d89-b097-01c124cdd41b,₹184.86 debited to Zomato on 02-Oct-2025 23:14 via UPI Ref 8969056017,,Zomato,0.4118,AUTO
72a63f77-175a-4cac-9f70-1e8ba67d9028,81f7dd70-8a34-4d89-b097-01c124cdd41b,₹753.58 debited to Swiggy on 04-Oct-2025 00:32 via UPI Ref 1088694568,,Swiggy,0.3515,AUTO
66ebcd69-c4f6-4426-b4fb-0a04d0048e5d,81f7dd70-8a34-4d89-b097-01c124cdd41b,₹687.3 debited to Ola on 07-Dec-2025 16:04 via UPI Ref 3749380437,,Ola,0.3949,AUTO
42d4a657-b87e-4997-90be-761740bae74d,81f7dd70-8a34-4d89-b097-01c124cdd41b,₹597.35 debited to Rapido on 21-Jan-2026 10:15 via UPI Ref 9566047934,,Rapido,0.2957,AUTO
68166e6b-2234-4482-b78e-174d647f7b0d,81f7dd70-8a34-4d89-b097-01c124cdd41b,₹1709.61 debited to BigBasket on 17-Oct-2025 21:08 via UPI Ref 7355445991,,BigBasket,0.1868,AUTO
e6eaaa52-08fe-475f-8f63-caebd2489566,81f7dd70-8a34-4d89-b097-01c124cdd41b,₹1234.45 debited to Dominos on 27-Sep-2025 21:59 via UPI Ref 9310994516,,Dominos,0.2344,AUTO
d1917938-c52e-4ad0-9b54-19ec34c48bf0,81f7dd70-8a34-4d89-b097-01c124cdd41b,₹708.63 debited to DMart on 16-Oct-2025 02:22 via UPI Ref 2258971210,,DMart,0.1902,AUTO
7685903f-4e51-4d7b-8de6-9d21eeef695b,81f7dd70-8a34-4d89-b097-01c124cdd41b,₹1801.78 debited to Spotify on 03-Nov-2025 23:07 via UPI Ref 1551626141,,Spotify,0.4246,AUTO
8b99d906-9e5a-475f-89b2-a41d72fe3273,81f7dd70-8a34-4d89-b097-01c124cdd41b,₹1894.07 debited to Flipkart on 31-Aug-2025 01:35 via UPI Ref 8633450966,,Flipkart,0.3881,AUTO
a9459a46-6178-4150-909c-88acd99ec2bc,81f7dd70-8a34-4d89-b097-01c124cdd41b,₹92.61 debited to McDonalds on 17-Aug-2025 05:19 via UPI Ref 3121004686,,McDonalds,0.2091,AUTO
001c3ff0-881a-426b-b469-2e268ee4d202,81f7dd70-8a34-4d89-b097-01c124cdd41b,₹1377.96 debited to Zomato on 23-Nov-2025 16:37 via UPI Ref 6894824272,,Zomato,0.3362,AUTO
f9b3fa86-2d53-488a-9730-d0189968fe58,81f7dd70-8a34-4d89-b097-01c124cdd41b,₹1689.7 debited to Bet365 on 26-Nov-2025 17:03 via UPI Ref 7472142160,,Bet365,0.1761,AUTO
c99e1b90-43ad-4ff6-881d-2f8fa83258b6,81f7dd70-8a34-4d89-b097-01c124cdd41b,₹435.13 debited to McDonalds on 07-Nov-2025 15:04 via UPI Ref 8092495016,,McDonalds,0.2116,AUTO
9ca9e07d-5a8d-4dd4-b077-41350927439f,81f7dd70-8a34-4d89-b097-01c124cdd41b,₹427.22 debited to Rapido on 18-Aug-2025 05:45 via UPI Ref 2868533010,,Rapido,0.2249,AUTO
7987e62f-2019-4005-ab9e-ef29c93c2041,81f7dd70-8a34-4d89-b097-01c124cdd41b,₹663.05 debited to Water Supply on 16-Aug-2025 19:27 via UPI Ref 6583433221,,Water Supply,0.2572,AUTO
91d54cfb-b9ab-4a4c-b3df-9b0d6431cffc,81f7dd70-8a34-4d89-b097-01c124cdd41b,₹1701.05 debited to Uber on 23-Jan-2026 07:05 via UPI Ref 1986854461,,Uber,0.2969,AUTO
e0288f77-4a17-423c-b4df-da64ed8c30bd,81f7dd70-8a34-4d89-b097-01c124cdd41b,₹215.5 debited to Myntra on 06-Jan-2026 22:38 via UPI Ref 4019082705,,Myntra,0.2455,AUTO
92f55977-e9cf-4841-932c-482e28ce7bc1,81f7dd70-8a34-4d89-b097-01c124cdd41b,₹1118.74 debited to Flipkart on 28-Nov-2025 08:11 via UPI Ref 8147218401,,Flipkart,0.29,AUTO
43d6dd3e-0aba-4954-a1c8-9abbe91dbe4e,81f7dd70-8a34-4d89-b097-01c124cdd41b,₹421.3 debited to DMart on 16-Nov-2025 02:01 via UPI Ref 5024424241,,DMart,0.161,AUTO
c4e67688-c099-46af-a611-7707c2f7a47d,81f7dd70-8a34-4d89-b097-01c124cdd41b,₹379.7 debited to Airtel on 03-Sep-2025 16:15 via UPI Ref 6141947054,,Airtel,0.3208,AUTO
111780b8-3965-4a7c-9f5a-f00fe77a7fe9,81f7dd70-8a34-4d89-b097-01c124cdd41b,₹857.32 debited to BookMyShow on 22-Dec-2025 12:48 via UPI Ref 2951249713,,BookMyShow,0.1951,AUTO
ca5d23b9-cd8f-46e4-a8b8-3369a223bb08,81f7dd70-8a34-4d89-b097-01c124cdd41b,₹1879.59 debited to Uber on 10-Jan-2026 03:48 via UPI Ref 8924136976,,Uber,0.4402,AUTO
034ca939-1406-433e-b864-268ea77af855,81f7dd70-8a34-4d89-b097-01c124cdd41b,₹448.3 debited to Airtel on 13-Dec-2025 17:40 via UPI Ref 8889896145,,Airtel,0.4739,AUTO
f637acbf-5316-48c4-ad97-b9b8c0f20820,81f7dd70-8a34-4d89-b097-01c124cdd41b,₹589.5 debited to Electricity Board on 05-Dec-2025 16:53 via UPI Ref 2130911979,,Electricity Board,0.359,AUTO
2fde83a5-abb5-4392-84d9-d0498b142f53,81f7dd70-8a34-4d89-b097-01c124cdd41b,₹1790.96 debited to Spotify on 15-Aug-2025 14:44 via UPI Ref 2926506623,,Spotify,0.432,AUTO
860af7eb-bbd6-42a9-b305-624dab511d05,81f7dd70-8a34-4d89-b097-01c124cdd41b,₹459.31 debited to McDonalds on 16-Nov-2025 17:32 via UPI Ref 9241915712,,McDonalds,0.1535,AUTO
32cf7068-f860-4615-83a7-c7df9a13251a,81f7dd70-8a34-4d89-b097-01c124cdd41b,₹1448.74 debited to BookMyShow on 22-Oct-2025 18:56 via UPI Ref 7894618489,,BookMyShow,0.182,AUTO
76b59730-acff-40bb-b8e0-6ebd1eca9f69,81f7dd70-8a34-4d89-b097-01c124cdd41b,₹3522.52 debited to Bet365 on 23-Nov-2025 02:00 via UPI Ref 9305314414,,Bet365,0.1883,AUTO
30e9ae09-4a30-4407-9b7b-3df34800c117,81f7dd70-8a34-4d89-b097-01c124cdd41b,₹1813.3 debited to Dominos on 18-Aug-2025 19:35 via UPI Ref 4957484703,,Dominos,0.3785,AUTO
5f435adc-40a8-4c77-b846-c1e8b0cb96a6,81f7dd70-8a34-4d89-b097-01c124cdd41b,₹1360.98 debited to Reliance Fresh on 09-Sep-2025 13:41 via UPI Ref 9814430681,,Reliance Fresh,0.172,AUTO
8746cbf8-4bdf-41fc-a73e-600e250929df,81f7dd70-8a34-4d89-b097-01c124cdd41b,₹15000.0 debited to House Owner on 13-Nov-2025 14:00 via UPI Ref 3771123323,,House Owner,0.1593,AUTO
67268676-f000-45f2-9c25-13e3b8749da4,81f7dd70-8a34-4d89-b097-01c124cdd41b,₹1849.01 debited to Dominos on 21-Dec-2025 02:18 via UPI Ref 8364570116,,Dominos,0.3138,AUTO
8bb74fda-285f-42f1-8450-cd0d5b494dc0,81f7dd70-8a34-4d89-b097-01c124cdd41b,₹971.49 debited to Flipkart on 22-Jan-2026 21:28 via UPI Ref 7770603183,,Flipkart,0.2925,AUTO
50c2ee79-48ed-471b-9722-caaa4270c15e,81f7dd70-8a34-4d89-b097-01c124cdd41b,₹15000.0 debited to House Owner on 21-Dec-2025 14:05 via UPI Ref 6037584199,,House Owner,0.1952,AUTO
51998a40-50c6-45be-97b5-213a113439d4,81f7dd70-8a34-4d89-b097-01c124cdd41b,₹1606.84 debited to Hospital XYZ on 12-Nov-2025 04:38 via UPI Ref 3185358855,,Hospital XYZ,0.3466,AUTO
8b745dc7-af81-452d-acaa-61d51f73c902,81f7dd70-8a34-4d89-b097-01c124cdd41b,₹1678.0 debited to DMart on 08-Nov-2025 12:58 via UPI Ref 8601424473,,DMart,0.1638,AUTO
48ffa6c6-1a2f-43e3-92a0-c84d98d5e689,81f7dd70-8a34-4d89-b097-01c124cdd41b,₹1364.49 debited to Water Supply on 07-Feb-2026 16:09 via UPI Ref 2837239966,,Water Supply,0.3599,AUTO
2fb04a6d-77d1-4e46-8683-fed3a8e1bdd8,81f7dd70-8a34-4d89-b097-01c124cdd41b,₹980.3 debited to Ola on 14-Jan-2026 12:16 via UPI Ref 1577074360,,Ola,0.2954,AUTO
e3ccb100-4f16-4f09-b598-e3ccabf13f86,81f7dd70-8a34-4d89-b097-01c124cdd41b,₹529.53 debited to Jio on 28-Dec-2025 06:10 via UPI Ref 9509176996,,Jio,0.3016,AUTO
c79ef1e7-0f8d-4ade-9e99-078ab90d6889,81f7dd70-8a34-4d89-b097-01c124cdd41b,₹1463.54 debited to BigBasket on 23-Aug-2025 07:50 via UPI Ref 7887056203,,BigBasket,0.1668,AUTO
629705a4-4259-48a3-a5c9-a25c7e8db6d0,81f7dd70-8a34-4d89-b097-01c124cdd41b,₹1435.86 debited to Airtel on 08-Dec-2025 18:54 via UPI Ref 9691431648,,Airtel,0.3543,AUTO
19565604-0848-4093-baa3-69b7c99d2f29,81f7dd70-8a34-4d89-b097-01c124cdd41b,₹695.52 debited to DMart on 07-Nov-2025 00:30 via UPI Ref 1489741077,,DMart,0.1762,AUTO
6432f6de-a1f0-4955-a99f-c56bd992043a,81f7dd70-8a34-4d89-b097-01c124cdd41b,₹1376.48 debited to BigBasket on 16-Jan-2026 05:57 via UPI Ref 9880852476,,BigBasket,0.1616,AUTO
85e46da9-d9d8-44a2-a5b7-a6fdb44672f8,81f7dd70-8a34-4d89-b097-01c124cdd41b,₹276.31 debited to Amazon on 19-Jan-2026 08:19 via UPI Ref 6705427291,,Amazon,0.3409,AUTO
5e9f728b-011b-4de5-9c39-eb30fca3fcc1,81f7dd70-8a34-4d89-b097-01c124cdd41b,₹1840.68 debited to Spotify on 10-Dec-2025 21:04 via UPI Ref 6864753595,,Spotify,0.3312,AUTO
316f0e7c-0101-41da-8f22-4a8142116488,81f7dd70-8a34-4d89-b097-01c124cdd41b,₹245.16 debited to Dominos on 10-Dec-2025 01:15 via UPI Ref 4161086166,,Dominos,0.2613,AUTO
869acbf7-bd5b-4eda-a8ca-b1e60ee31ec4,81f7dd70-8a34-4d89-b097-01c124cdd41b,₹644.34 debited to Amazon on 26-Dec-2025 16:09 via UPI Ref 3153735574,,Amazon,0.3237,AUTO
7710fb1e-da6e-4215-a2f2-f13a7e8293f4,81f7dd70-8a34-4d89-b097-01c124cdd41b,₹665.91 debited to Uber on 25-Dec-2025 03:00 via UPI Ref 2522595041,,Uber,0.3844,AUTO
5ba5cf45-b9fa-4161-ba81-b40c43f9e4c2,81f7dd70-8a34-4d89-b097-01c124cdd41b,₹15000.0 debited to House Owner on 28-Jan-2026 09:07 via UPI Ref 2777433904,,House Owner,0.1648,AUTO
2f871915-b6e4-4759-8a88-d3cfe6ec6b26,81f7dd70-8a34-4d89-b097-01c124cdd41b,₹54.24 debited to Rapido on 01-Dec-2025 04:06 via UPI Ref 8272065753,,Rapido,0.302,AUTO
a12f0ee2-851e-4060-8aec-1299bc41be5e,81f7dd70-8a34-4d89-b097-01c124cdd41b,₹1727.52 debited to Flipkart on 03-Oct-2025 11:31 via UPI Ref 1177351897,,Flipkart,0.3954,AUTO
16a9b413-8241-4513-b882-016b17d4b4c2,81f7dd70-8a34-4d89-b097-01c124cdd41b,₹835.61 debited to Reliance Fresh on 17-Oct-2025 23:18 via UPI Ref 8667172367,,Reliance Fresh,0.2246,AUTO
70be7fb6-2561-4c66-8400-de046a987187,81f7dd70-8a34-4d89-b097-01c124cdd41b,₹165.22 debited to DMart on 14-Oct-2025 13:48 via UPI Ref 5755092411,,DMart,0.1445,AUTO
6be277bb-de77-4561-b520-dc042fd75d32,81f7dd70-8a34-4d89-b097-01c124cdd41b,₹895.63 debited to McDonalds on 18-Sep-2025 06:46 via UPI Ref 7309752925,,McDonalds,0.1463,AUTO
e597bb25-3bbd-41ab-b79b-d1583d37bde8,81f7dd70-8a34-4d89-b097-01c124cdd41b,₹361.99 debited to Ola on 30-Aug-2025 23:02 via UPI Ref 6359688238,,Ola,0.2328,AUTO
2f972d88-af94-45ae-ad9b-c6da198890e7,81f7dd70-8a34-4d89-b097-01c124cdd41b,₹915.34 debited to McDonalds on 04-Oct-2025 13:48 via UPI Ref 5076554687,,McDonalds,0.1729,AUTO
e52807fd-7b6f-4fa8-be93-a53dd0f47f25,81f7dd70-8a34-4d89-b097-01c124cdd41b,₹600.43 debited to Myntra on 30-Nov-2025 00:17 via UPI Ref 6688663795,,Myntra,0.218,AUTO
94541e82-12c8-4b2d-a850-d73d2aefcc56,81f7dd70-8a34-4d89-b097-01c124cdd41b,₹1234.27 debited to Apollo Pharmacy on 18-Jan-2026 22:34 via UPI Ref 7110080210,,Apollo Pharmacy,0.3812,AUTO
d3e048a4-722f-47cf-98ac-1174fb4768ce,81f7dd70-8a34-4d89-b097-01c124cdd41b,₹1655.11 debited to Swiggy on 24-Sep-2025 03:49 via UPI Ref 8522887747,,Swiggy,0.2257,AUTO
ed51d6d2-b858-4fd9-846e-5e83b3476ece,81f7dd70-8a34-4d89-b097-01c124cdd41b,₹1297.62 debited to Rapido on 22-Jan-2026 12:49 via UPI Ref 8726106617,,Rapido,0.2367,AUTO
bf8e5343-409c-4de4-8285-6fc32a05bdfd,81f7dd70-8a34-4d89-b097-01c124cdd41b,₹925.66 debited to Myntra on 05-Feb-2026 01:40 via UPI Ref 6550908354,,Myntra,0.2712,AUTO
d1c6f148-a38d-44dd-9a25-ebbe1c22301c,81f7dd70-8a34-4d89-b097-01c124cdd41b,₹1934.21 debited to Electricity Board on 13-Dec-2025 12:24 via UPI Ref 5192230306,,Electricity Board,0.3041,AUTO
cacc0862-1656-4d65-affa-416e3dfa6e56,81f7dd70-8a34-4d89-b097-01c124cdd41b,₹1783.6 debited to BigBasket on 19-Jan-2026 05:54 via UPI Ref 2007014229,,BigBasket,0.2202,AUTO
a37dfd4c-39b4-4c55-a9f0-7d4fafcb3ea9,81f7dd70-8a34-4d89-b097-01c124cdd41b,₹1758.34 debited to Dominos on 08-Nov-2025 02:46 via UPI Ref 9195646511,,Dominos,0.3097,AUTO
931ea2bf-e7f9-49e9-a2da-f5cbb331963f,81f7dd70-8a34-4d89-b097-01c124cdd41b,₹15000.0 debited to House Owner on 04-Feb-2026 11:36 via UPI Ref 2522375254,,House Owner,0.1658,AUTO
74056cc3-8fdb-49a0-84fd-0628b4d63bfe,81f7dd70-8a34-4d89-b097-01c124cdd41b,₹767.78 debited to Myntra on 25-Nov-2025 03:51 via UPI Ref 3399083996,,Myntra,0.2181,AUTO
102a699a-11c2-4289-9085-7431516c6f93,81f7dd70-8a34-4d89-b097-01c124cdd41b,₹388.76 debited to Uber on 11-Feb-2026 01:27 via UPI Ref 9378562071,,Uber,0.3251,AUTO
cc91ee39-f0c9-48fe-b6d6-15d5c9daa594,81f7dd70-8a34-4d89-b097-01c124cdd41b,₹1935.43 debited to Myntra on 27-Jan-2026 15:13 via UPI Ref 8014502569,,Myntra,0.2128,AUTO
81ad822e-f0b6-470e-8fc1-f80d76c21f5f,81f7dd70-8a34-4d89-b097-01c124cdd41b,₹791.17 debited to Amazon on 21-Jan-2026 18:14 via UPI Ref 7046263622,,Amazon,0.2493,AUTO
1db93378-7bb4-4a30-a67b-3a0a9d73a10a,81f7dd70-8a34-4d89-b097-01c124cdd41b,₹4734.86 debited to PokerStars on 03-Dec-2025 16:07 via UPI Ref 5985453868,,PokerStars,0.1497,AUTO
30cd3040-35e4-48f8-a030-3a768aafd1f0,81f7dd70-8a34-4d89-b097-01c124cdd41b,₹1345.33 debited to Swiggy on 10-Dec-2025 17:06 via UPI Ref 9060420955,,Swiggy,0.2747,AUTO
737089e4-2b8d-4356-8011-77d5cf2c7e3b,81f7dd70-8a34-4d89-b097-01c124cdd41b,₹247.34 debited to Myntra on 05-Dec-2025 02:33 via UPI Ref 6260461661,,Myntra,0.2727,AUTO
752947b6-7e3d-40d8-9282-a3a0ffae782f,81f7dd70-8a34-4d89-b097-01c124cdd41b,₹1307.21 debited to Apollo Pharmacy on 19-Nov-2025 01:49 via UPI Ref 4323828172,,Apollo Pharmacy,0.3883,AUTO
64a8f503-bdb8-4a10-96da-cf25c4b91799,81f7dd70-8a34-4d89-b097-01c124cdd41b,₹1679.53 debited to Zomato on 03-Dec-2025 16:53 via UPI Ref 7165164096,,Zomato,0.2355,AUTO
897cbf59-240a-4935-8e9b-1d16f970cd36,81f7dd70-8a34-4d89-b097-01c124cdd41b,₹662.61 debited to DMart on 08-Oct-2025 01:10 via UPI Ref 2765823512,,DMart,0.1726,AUTO
6fe2b6dd-7944-4dc0-9b5b-31ee6388c938,81f7dd70-8a34-4d89-b097-01c124cdd41b,₹37282.76 credited to Company Payroll on 21-Oct-2025 12:52 via UPI Ref 1658493813,,Company Payroll,0.1947,AUTO
47c39762-8d8a-4314-9798-7ab150d20152,81f7dd70-8a34-4d89-b097-01c124cdd41b,₹1326.65 debited to Myntra on 18-Sep-2025 19:51 via UPI Ref 6871027897,,Myntra,0.2499,AUTO
0a52ded6-4ec0-439e-b66a-b730974eb79b,81f7dd70-8a34-4d89-b097-01c124cdd41b,₹1055.76 debited to Airtel on 26-Nov-2025 18:25 via UPI Ref 6699257718,,Airtel,0.3363,AUTO
f79c6fd2-2423-4255-8069-fed865b1d00c,81f7dd70-8a34-4d89-b097-01c124cdd41b,₹948.69 debited to BigBasket on 06-Oct-2025 09:55 via UPI Ref 7963387201,,BigBasket,0.1619,AUTO
f5c7d313-f4b2-44c4-bb46-1bd9192f1da0,81f7dd70-8a34-4d89-b097-01c124cdd41b,₹3055.73 debited to PokerStars on 01-Nov-2025 22:40 via UPI Ref 6306078075,,PokerStars,0.1739,AUTO
27f0aa85-69f9-45b0-8697-47e12bc49c37,81f7dd70-8a34-4d89-b097-01c124cdd41b,₹1980.87 debited to Reliance Fresh on 05-Nov-2025 08:15 via UPI Ref 9225216278,,Reliance Fresh,0.1591,AUTO
ecc522a6-402a-4b05-9283-06c1adff6fad,81f7dd70-8a34-4d89-b097-01c124cdd41b,₹348.68 debited to Amazon on 14-Nov-2025 22:21 via UPI Ref 1144410379,,Amazon,0.2835,AUTO
51d635f0-ae4e-487b-ad18-e803bf0f7e74,81f7dd70-8a34-4d89-b097-01c124cdd41b,₹1696.6 debited to Uber on 02-Jan-2026 06:21 via UPI Ref 3219941719,,Uber,0.4921,AUTO
9466d0b6-5889-4115-8d42-3293766176ea,81f7dd70-8a34-4d89-b097-01c124cdd41b,₹1700.53 debited to Uber on 20-Aug-2025 16:08 via UPI Ref 5457160310,,Uber,0.3959,AUTO
2f641f8a-9745-4644-adc0-956829d349c8,81f7dd70-8a34-4d89-b097-01c124cdd41b,₹305.7 debited to McDonalds on 26-Oct-2025 03:14 via UPI Ref 5709810170,,McDonalds,0.1722,AUTO
687343bc-08c6-4cd9-84a0-b189c67a89ed,81f7dd70-8a34-4d89-b097-01c124cdd41b,₹622.67 debited to Swiggy on 29-Jan-2026 20:51 via UPI Ref 3013061754,,Swiggy,0.3392,AUTO
91835ee5-7696-4bb8-abe4-3b94d8b851f4,81f7dd70-8a34-4d89-b097-01c124cdd41b,₹865.74 debited to Netflix on 13-Jan-2026 04:33 via UPI Ref 5441083225,,Netflix,0.2781,AUTO
98f75ac1-83c0-4ee5-8006-bfa1693c25a2,81f7dd70-8a34-4d89-b097-01c124cdd41b,₹1788.41 debited to DMart on 09-Feb-2026 16:59 via UPI Ref 7299052862,,DMart,0.1572,AUTO
2e9dc156-9244-4f96-982d-e56956e0ea98,81f7dd70-8a34-4d89-b097-01c124cdd41b,₹980.4 debited to BookMyShow on 16-Jan-2026 09:22 via UPI Ref 6028939343,,BookMyShow,0.1821,AUTO
085b3a7e-b841-4799-9eb5-dbe9d9192f4d,81f7dd70-8a34-4d89-b097-01c124cdd41b,₹54750.08 credited to Company Payroll on 10-Jan-2026 03:58 via UPI Ref 7857606501,,Company Payroll,0.1775,AUTO
3fb8e263-0ab7-4b15-a386-86c25424c46c,81f7dd70-8a34-4d89-b097-01c124cdd41b,₹1159.79 debited to Myntra on 06-Oct-2025 18:58 via UPI Ref 9912103858,,Myntra,0.2345,AUTO
0b8e41fb-f70d-4c49-9cf0-a1db72370a99,81f7dd70-8a34-4d89-b097-01c124cdd41b,₹257.0 debited to BigBasket on 05-Sep-2025 18:53 via UPI Ref 5831283623,,BigBasket,0.212,AUTO
461c73f8-dbed-48e6-b473-b465437e0cd6,81f7dd70-8a34-4d89-b097-01c124cdd41b,₹1249.65 debited to Dominos on 30-Oct-2025 12:01 via UPI Ref 1621971655,,Dominos,0.2868,AUTO
8cb8180f-a1e0-43db-a022-5de4b7b1b9e5,81f7dd70-8a34-4d89-b097-01c124cdd41b,₹1491.52 debited to Electricity Board on 12-Sep-2025 07:49 via UPI Ref 9979935409,,Electricity Board,0.299,AUTO
4519eaff-531c-4553-8796-2e50bcb6bad8,81f7dd70-8a34-4d89-b097-01c124cdd41b,₹102.78 debited to Reliance Fresh on 08-Nov-2025 03:18 via UPI Ref 9064947024,,Reliance Fresh,0.1721,AUTO
c002cea9-469e-4cce-8698-9b1a9e50721b,81f7dd70-8a34-4d89-b097-01c124cdd41b,₹1965.9 debited to BookMyShow on 18-Dec-2025 22:42 via UPI Ref 6907780730,,BookMyShow,0.2198,AUTO
a1f5549a-ed5e-4526-b554-3cf7af88cc03,81f7dd70-8a34-4d89-b097-01c124cdd41b,₹1385.59 debited to Jio on 25-Sep-2025 05:50 via UPI Ref 1738127147,,Jio,0.3222,AUTO
f59718ac-7ff9-48f3-a52f-d2e459528713,81f7dd70-8a34-4d89-b097-01c124cdd41b,₹566.86 debited to Hospital XYZ on 26-Sep-2025 19:13 via UPI Ref 3980718329,,Hospital XYZ,0.3851,AUTO
0561ecef-8408-4a19-8945-feabcae29d1f,81f7dd70-8a34-4d89-b097-01c124cdd41b,₹15000.0 debited to House Owner on 08-Nov-2025 14:51 via UPI Ref 2591045407,,House Owner,0.1718,AUTO
f5ca30a1-52ae-4490-8349-a7fe523dd4fc,81f7dd70-8a34-4d89-b097-01c124cdd41b,₹204.16 debited to Electricity Board on 22-Aug-2025 18:15 via UPI Ref 5170909868,,Electricity Board,0.2526,AUTO
504cc08d-4666-4c27-82ca-8eb6e4761754,81f7dd70-8a34-4d89-b097-01c124cdd41b,₹1351.93 debited to BookMyShow on 10-Jan-2026 03:36 via UPI Ref 7918047864,,BookMyShow,0.175,AUTO
38c9c88c-12df-4923-960c-c414f242c124,81f7dd70-8a34-4d89-b097-01c124cdd41b,₹1023.69 debited to Netflix on 16-Dec-2025 13:22 via UPI Ref 4093379882,,Netflix,0.3414,AUTO
d3f3d927-5ab2-45b2-bab7-ea02108b65ea,81f7dd70-8a34-4d89-b097-01c124cdd41b,₹769.97 debited to Zomato on 27-Jan-2026 03:38 via UPI Ref 9578358809,,Zomato,0.2899,AUTO
3bc57170-dca1-4aeb-88d8-b9d67d927044,81f7dd70-8a34-4d89-b097-01c124cdd41b,₹1972.08 debited to Zomato on 17-Sep-2025 16:38 via UPI Ref 6125562047,,Zomato,0.292,AUTO
db2834ae-544d-485d-b357-f840063ac26f,81f7dd70-8a34-4d89-b097-01c124cdd41b,₹1208.75 debited to Swiggy on 01-Oct-2025 09:41 via UPI Ref 7979243182,,Swiggy,0.2215,AUTO
5de5815c-9edc-4eee-ba00-8477989ae35d,81f7dd70-8a34-4d89-b097-01c124cdd41b,₹1121.15 debited to Jio on 09-Feb-2026 23:38 via UPI Ref 9292776779,,Jio,0.2328,AUTO
d4654da9-c539-4ee9-b4a5-c7b30a9637ec,81f7dd70-8a34-4d89-b097-01c124cdd41b,₹661.34 debited to Zomato on 12-Feb-2026 02:31 via UPI Ref 1838804498,,Zomato,0.3306,AUTO
018cf611-172e-46f1-9a18-7d3eaa7f2b92,81f7dd70-8a34-4d89-b097-01c124cdd41b,₹352.33 debited to Zomato on 04-Sep-2025 19:59 via UPI Ref 1112562987,,Zomato,0.3582,AUTO
1d669474-c3e7-40bc-946e-c64c6fc2fbe9,81f7dd70-8a34-4d89-b097-01c124cdd41b,₹35430.87 credited to Company Payroll on 26-Jan-2026 23:53 via UPI Ref 3651302764,,Company Payroll,0.1973,AUTO
9ad55716-bc40-43cb-8bfd-2809dcc42ae2,81f7dd70-8a34-4d89-b097-01c124cdd41b,₹137.32 debited to Myntra on 11-Sep-2025 11:04 via UPI Ref 2805414373,,Myntra,0.2593,AUTO
e7b3ac36-f718-4c8b-8058-f2a8edec27d3,81f7dd70-8a34-4d89-b097-01c124cdd41b,₹15000.0 debited to House Owner on 11-Jan-2026 12:15 via UPI Ref 5954980070,,House Owner,0.206,AUTO
066c2958-c028-4868-8f64-d0c5b59b60b3,81f7dd70-8a34-4d89-b097-01c124cdd41b,₹1484.52 debited to Ola on 31-Jan-2026 16:59 via UPI Ref 1085077388,,Ola,0.2909,AUTO
a22e9509-fa69-411c-8701-5d3a2af8cbc1,81f7dd70-8a34-4d89-b097-01c124cdd41b,₹121.05 debited to Netflix on 15-Sep-2025 08:08 via UPI Ref 4925536914,,Netflix,0.3238,AUTO
ff3c47bc-2610-4abc-abbe-189ffd52d8ee,81f7dd70-8a34-4d89-b097-01c124cdd41b,₹1565.25 debited to BigBasket on 09-Jan-2026 02:54 via UPI Ref 5458551916,,BigBasket,0.1624,AUTO
90a8a82a-4871-4687-87ea-a0b9cf7f1fad,81f7dd70-8a34-4d89-b097-01c124cdd41b,₹869.43 debited to BigBasket on 10-Feb-2026 19:54 via UPI Ref 6367661656,,BigBasket,0.1817,AUTO
0096b074-f654-4339-b39c-684ab7e67dac,81f7dd70-8a34-4d89-b097-01c124cdd41b,₹74.54 debited to Dominos on 20-Nov-2025 15:21 via UPI Ref 7570621199,,Dominos,0.2404,AUTO
537c895a-d3bb-4720-a51a-4419a236b53a,81f7dd70-8a34-4d89-b097-01c124cdd41b,₹1277.14 debited to BookMyShow on 03-Jan-2026 03:53 via UPI Ref 9042327039,,BookMyShow,0.18,AUTO
9edc2266-a3bc-4359-aaec-039ada997ae2,81f7dd70-8a34-4d89-b097-01c124cdd41b,₹1756.41 debited to DMart on 31-Jan-2026 11:33 via UPI Ref 5504038348,,DMart,0.1645,AUTO
a6f2ca73-57ae-4cdf-9c94-4c69f392669e,81f7dd70-8a34-4d89-b097-01c124cdd41b,₹1859.42 debited to BookMyShow on 14-Nov-2025 18:26 via UPI Ref 9824187498,,BookMyShow,0.1968,AUTO
b29e7b00-446c-4d89-9179-202dd844d6e9,81f7dd70-8a34-4d89-b097-01c124cdd41b,₹1062.7 debited to Hospital XYZ on 28-Sep-2025 15:04 via UPI Ref 3724869733,,Hospital XYZ,0.4136,AUTO
dae23bcd-5c97-4646-89b3-da5846fbd84c,81f7dd70-8a34-4d89-b097-01c124cdd41b,₹185.0 debited to Myntra on 28-Dec-2025 23:01 via UPI Ref 9001240400,,Myntra,0.3017,AUTO
93d78f08-3720-4704-a158-4877a1c3dc5c,81f7dd70-8a34-4d89-b097-01c124cdd41b,₹1817.32 debited to Swiggy on 03-Feb-2026 07:03 via UPI Ref 6264420198,,Swiggy,0.2587,AUTO
e35862a2-e0d8-4b46-a2a1-4ea721c8fc02,81f7dd70-8a34-4d89-b097-01c124cdd41b,₹200.25 debited to Ola on 30-Dec-2025 01:36 via UPI Ref 5417310000,,Ola,0.3816,AUTO
69329589-3013-4b2a-9232-7c2c55ef1c40,81f7dd70-8a34-4d89-b097-01c124cdd41b,₹79567.04 credited to Company Payroll on 10-Nov-2025 11:47 via UPI Ref 3770347934,,Company Payroll,0.2012,AUTO
3c94045c-5034-414e-8c30-7eb8e504c976,81f7dd70-8a34-4d89-b097-01c124cdd41b,₹3155.9 debited to Dream11 on 01-Sep-2025 17:48 via UPI Ref 9310220373,,Dream11,0.1602,AUTO
b2b0b950-fc4b-4a59-96e3-5760305ce64c,81f7dd70-8a34-4d89-b097-01c124cdd41b,₹585.86 debited to DMart on 09-Oct-2025 14:26 via UPI Ref 8447562374,,DMart,0.1459,AUTO
dad7c542-cafb-4211-b900-494a489512ea,81f7dd70-8a34-4d89-b097-01c124cdd41b,₹1052.94 debited to Reliance Fresh on 13-Oct-2025 07:41 via UPI Ref 8655949912,,Reliance Fresh,0.1537,AUTO
556455ff-7ea4-4415-91c8-ead351e53075,81f7dd70-8a34-4d89-b097-01c124cdd41b,₹1826.77 debited to Swiggy on 08-Jan-2026 08:11 via UPI Ref 5937966598,,Swiggy,0.2412,AUTO
51d36f02-aa0e-4e72-97c0-26834d6b4956,81f7dd70-8a34-4d89-b097-01c124cdd41b,₹358.99 debited to McDonalds on 29-Aug-2025 06:27 via UPI Ref 1591920808,,McDonalds,0.1457,AUTO
19f770f4-fab4-42f6-83d7-c8a70a748021,81f7dd70-8a34-4d89-b097-01c124cdd41b,₹307.71 debited to Ola on 18-Sep-2025 10:20 via UPI Ref 1221890278,,Ola,0.3827,AUTO
338debf2-6b41-444b-abc8-d6e857136056,81f7dd70-8a34-4d89-b097-01c124cdd41b,₹50728.34 credited to Company Payroll on 19-Oct-2025 21:47 via UPI Ref 4391612773,,Company Payroll,0.1961,AUTO
cdca9710-a92e-4928-98fe-917744632a94,81f7dd70-8a34-4d89-b097-01c124cdd41b,₹960.61 debited to Flipkart on 07-Oct-2025 09:07 via UPI Ref 1923072264,,Flipkart,0.2865,AUTO
1b103b44-e188-4308-9ce8-1ac4f3e7d4b3,81f7dd70-8a34-4d89-b097-01c124cdd41b,₹1730.95 debited to McDonalds on 07-Nov-2025 23:45 via UPI Ref 6524591680,,McDonalds,0.2016,AUTO
656ff653-89b8-4055-9983-abf6cfc88836,81f7dd70-8a34-4d89-b097-01c124cdd41b,₹4005.75 debited to PokerStars on 18-Oct-2025 16:25 via UPI Ref 5066383268,,PokerStars,0.2317,AUTO
964c3845-fe2b-4607-849b-cc129a40a1a7,81f7dd70-8a34-4d89-b097-01c124cdd41b,₹638.18 debited to Zomato on 06-Sep-2025 05:40 via UPI Ref 4484156161,,Zomato,0.3606,AUTO
db8c77a8-d93c-4fd2-9192-5dd96daa98f6,81f7dd70-8a34-4d89-b097-01c124cdd41b,₹1631.6 debited to Flipkart on 24-Nov-2025 03:28 via UPI Ref 8662617187,,Flipkart,0.3794,AUTO
3a31d34c-6fa6-42e6-ac79-65f51e24f111,81f7dd70-8a34-4d89-b097-01c124cdd41b,₹880.48 debited to Rapido on 14-Dec-2025 17:46 via UPI Ref 5949576668,,Rapido,0.338,AUTO
01fbb926-d8c0-40f2-b1f9-70fb9321f543,81f7dd70-8a34-4d89-b097-01c124cdd41b,₹977.9 debited to Ola on 11-Sep-2025 18:46 via UPI Ref 4715048777,,Ola,0.4388,AUTO
bad70270-1621-4b65-b15a-7f66d011cab2,81f7dd70-8a34-4d89-b097-01c124cdd41b,₹37580.44 credited to Company Payroll on 10-Oct-2025 07:12 via UPI Ref 7227347959,,Company Payroll,0.191,AUTO
6941ae53-0f37-4c3d-a41c-c4cde3ab0f4f,81f7dd70-8a34-4d89-b097-01c124cdd41b,₹958.92 debited to Spotify on 25-Dec-2025 01:16 via UPI Ref 7257225071,,Spotify,0.4661,AUTO
64467bad-6ae3-4c93-802d-0821b0d465a0,81f7dd70-8a34-4d89-b097-01c124cdd41b,₹1758.06 debited to Flipkart on 27-Oct-2025 19:05 via UPI Ref 9369529436,,Flipkart,0.3462,AUTO
ab307993-2dbe-4dbe-8a65-7146b8b0de91,81f7dd70-8a34-4d89-b097-01c124cdd41b,₹4663.15 debited to PokerStars on 13-Jan-2026 15:25 via UPI Ref 9457960813,,PokerStars,0.175,AUTO
beca0354-95a4-4ee1-a308-0cbdc20b1426,81f7dd70-8a34-4d89-b097-01c124cdd41b,₹1958.23 debited to Zomato on 17-Jan-2026 01:58 via UPI Ref 9851777861,,Zomato,0.3899,AUTO
58afb9de-ddaa-4aa3-9974-390b16006524,81f7dd70-8a34-4d89-b097-01c124cdd41b,₹108.23 debited to Swiggy on 20-Oct-2025 01:04 via UPI Ref 9580653075,,Swiggy,0.4116,AUTO
81078bb3-0d0d-4b97-b79e-da8520d3a1dc,81f7dd70-8a34-4d89-b097-01c124cdd41b,₹2578.99 debited to Bet365 on 25-Aug-2025 16:46 via UPI Ref 4561633903,,Bet365,0.1965,AUTO
ef80020c-a4c7-40de-b7e9-1cd8ec20fa71,81f7dd70-8a34-4d89-b097-01c124cdd41b,₹847.32 debited to Swiggy on 01-Jan-2026 05:02 via UPI Ref 8439502577,,Swiggy,0.3009,AUTO
5f1f3f83-22c3-4433-866e-d371e6ff33e7,81f7dd70-8a34-4d89-b097-01c124cdd41b,₹1144.04 debited to DMart on 21-Nov-2025 14:44 via UPI Ref 3595886969,,DMart,0.1708,AUTO
9d2ad744-12f5-4c01-8798-df1d64e83e91,81f7dd70-8a34-4d89-b097-01c124cdd41b,₹15000.0 debited to House Owner on 24-Sep-2025 04:57 via UPI Ref 1567849877,,House Owner,0.1979,AUTO
b6809f39-c43f-4df6-b608-6ef4be3d23cf,81f7dd70-8a34-4d89-b097-01c124cdd41b,₹153.29 debited to Dominos on 27-Nov-2025 06:00 via UPI Ref 5576030452,,Dominos,0.2779,AUTO
3b4c493c-7d91-48ff-ab34-a692515674a3,81f7dd70-8a34-4d89-b097-01c124cdd41b,₹214.95 debited to Dominos on 05-Oct-2025 12:26 via UPI Ref 7955468156,,Dominos,0.3843,AUTO
46ddb138-4fa7-4467-a2ff-e1d3dd16cb1b,81f7dd70-8a34-4d89-b097-01c124cdd41b,₹422.26 debited to BookMyShow on 26-Dec-2025 09:01 via UPI Ref 4925906377,,BookMyShow,0.1945,AUTO
b9472f64-34f0-42a7-a06c-bda25c24ad96,81f7dd70-8a34-4d89-b097-01c124cdd41b,₹778.07 debited to Swiggy on 27-Aug-2025 20:55 via UPI Ref 9894022405,,Swiggy,0.3482,AUTO
468db0da-b6d1-46cc-9692-f63167ad3a5b,81f7dd70-8a34-4d89-b097-01c124cdd41b,₹1215.15 debited to Flipkart on 25-Aug-2025 21:37 via UPI Ref 7749069113,,Flipkart,0.3251,AUTO
ce7d3baf-af4a-43ef-9c0d-f497ae5e1cda,81f7dd70-8a34-4d89-b097-01c124cdd41b,₹1139.82 debited to Swiggy on 12-Jan-2026 16:52 via UPI Ref 5496464992,,Swiggy,0.2695,AUTO
423d44d8-727b-4e08-a21a-4e826af0eea6,81f7dd70-8a34-4d89-b097-01c124cdd41b,₹1069.18 debited to Reliance Fresh on 16-Jan-2026 02:28 via UPI Ref 8865561214,,Reliance Fresh,0.1772,AUTO
f17c50c6-6d67-4bdf-ad2a-22e00d34ea63,81f7dd70-8a34-4d89-b097-01c124cdd41b,₹1425.14 debited to Spotify on 14-Dec-2025 05:46 via UPI Ref 6250301088,,Spotify,0.3128,AUTO
32f65db7-eb55-42c9-8197-1ea95682fc25,81f7dd70-8a34-4d89-b097-01c124cdd41b,Paid Rs 450 to Swiggy via UPI,,,0.411,AUTO
